id,title,text,label
0,Celebrity Secretly Controls World Government 45,Investigation reveals disturbing connections between powerful figures and secretive organizations...Investigation reveals disturbing connections between powerful figures and secretive organizations...Investigation reveals disturbing connections between powerful figures and secretive organizations...,0
1,City Opens New Community Center for Residents - 75,The city council voted 7-2 in favor of the new infrastructure project during Tuesday's meeting. The project includes...The city council voted 7-2 in favor of the new infrastructure project during Tuesday's meeting. The project includes...The city council voted 7-2 in favor of the new infrastructure project during Tuesday's meeting. The project includes...,1
2,Celebrity Secretly Controls World Government 18,Investigation reveals disturbing connections between powerful figures and secretive organizations...Investigation reveals disturbing connections between powerful figures and secretive organizations...,0
3,Tech Company Launches Updated Software Version - 28,"The company reported revenues of $X million for Q3, representing a Y% increase compared to the same period last year...The company reported revenues of $X million for Q3, representing a Y% increase compared to the same period last year...",1
4,Shocking Truth: Government Hiding Alien Contact 1,Leaked documents reveal shocking information that governments worldwide have been hiding from the public for decades...Leaked documents reveal shocking information that governments worldwide have been hiding from the public for decades...Leaked documents reveal shocking information that governments worldwide have been hiding from the public for decades...,0
5,School District Implements New Education Program - 28,Scientists at the research institute have made significant progress in understanding cancer cell behavior. The team...Scientists at the research institute have made significant progress in understanding cancer cell behavior. The team...Scientists at the research institute have made significant progress in understanding cancer cell behavior. The team...,1
6,Shocking Truth: Government Hiding Alien Contact 51,"Financial experts warn of imminent collapse, but mainstream media refuses to report the truth...Financial experts warn of imminent collapse, but mainstream media refuses to report the truth...Financial experts warn of imminent collapse, but mainstream media refuses to report the truth...",0
7,Government Releases Annual Budget Proposal - 32,The city council voted 7-2 in favor of the new infrastructure project during Tuesday's meeting. The project includes...The city council voted 7-2 in favor of the new infrastructure project during Tuesday's meeting. The project includes...,1
8,Amazing: This One Trick Doctors Don't Want You to Know 12,"According to unnamed sources, scientists have made an unprecedented discovery that will change everything we know about medicine...According to unnamed sources, scientists have made an unprecedented discovery that will change everything we know about medicine...According to unnamed sources, scientists have made an unprecedented discovery that will change everything we know about medicine...",0
9,University Researchers Make Progress in Cancer Study - 51,The city council voted 7-2 in favor of the new infrastructure project during Tuesday's meeting. The project includes...The city council voted 7-2 in favor of the new infrastructure project during Tuesday's meeting. The project includes...The city council voted 7-2 in favor of the new infrastructure project during Tuesday's meeting. The project includes...,1
10,Celebrity Secretly Controls World Government 21,Investigation reveals disturbing connections between powerful figures and secretive organizations...Investigation reveals disturbing connections between powerful figures and secretive organizations...Investigation reveals disturbing connections between powerful figures and secretive organizations...Investigation reveals disturbing connections between powerful figures and secretive organizations...,0
11,Museum Hosts Exhibition of Historical Artifacts - 34,Researchers at the university published their findings in the Journal of Climate Science. The study examined...Researchers at the university published their findings in the Journal of Climate Science. The study examined...Researchers at the university published their findings in the Journal of Climate Science. The study examined...Researchers at the university published their findings in the Journal of Climate Science. The study examined...,1
12,Amazing: This One Trick Doctors Don't Want You to Know 19,"Financial experts warn of imminent collapse, but mainstream media refuses to report the truth...Financial experts warn of imminent collapse, but mainstream media refuses to report the truth...",0
13,Research Team Publishes Study on Climate Patterns - 41,Researchers at the university published their findings in the Journal of Climate Science. The study examined...Researchers at the university published their findings in the Journal of Climate Science. The study examined...Researchers at the university published their findings in the Journal of Climate Science. The study examined...,1
14,BREAKING: Scientists Discover Cure for All Diseases! 8,Leaked documents reveal shocking information that governments worldwide have been hiding from the public for decades...Leaked documents reveal shocking information that governments worldwide have been hiding from the public for decades...Leaked documents reveal shocking information that governments worldwide have been hiding from the public for decades...Leaked documents reveal shocking information that governments worldwide have been hiding from the public for decades...,0
15,School District Implements New Education Program - 80,The city council voted 7-2 in favor of the new infrastructure project during Tuesday's meeting. The project includes...The city council voted 7-2 in favor of the new infrastructure project during Tuesday's meeting. The project includes...,1
16,BREAKING: Scientists Discover Cure for All Diseases! 52,"Financial experts warn of imminent collapse, but mainstream media refuses to report the truth...Financial experts warn of imminent collapse, but mainstream media refuses to report the truth...Financial experts warn of imminent collapse, but mainstream media refuses to report the truth...",0
17,Sports Team Wins Championship After Close Match - 2,"The new community center, located on Main Street, opened its doors to residents this week. Facilities include...The new community center, located on Main Street, opened its doors to residents this week. Facilities include...",1
18,Shocking Truth: Government Hiding Alien Contact 11,"According to unnamed sources, scientists have made an unprecedented discovery that will change everything we know about medicine...According to unnamed sources, scientists have made an unprecedented discovery that will change everything we know about medicine...According to unnamed sources, scientists have made an unprecedented discovery that will change everything we know about medicine...According to unnamed sources, scientists have made an unprecedented discovery that will change everything we know about medicine...",0
19,Government Releases Annual Budget Proposal - 86,"The new community center, located on Main Street, opened its doors to residents this week. Facilities include...The new community center, located on Main Street, opened its doors to residents this week. Facilities include...",1
20,Celebrity Secretly Controls World Government 22,"Financial experts warn of imminent collapse, but mainstream media refuses to report the truth...Financial experts warn of imminent collapse, but mainstream media refuses to report the truth...Financial experts warn of imminent collapse, but mainstream media refuses to report the truth...Financial experts warn of imminent collapse, but mainstream media refuses to report the truth...",0
21,Local Council Approves New Infrastructure Project - 59,Researchers at the university published their findings in the Journal of Climate Science. The study examined...Researchers at the university published their findings in the Journal of Climate Science. The study examined...,1
22,Miracle Diet: Lose 50 Pounds in 1 Week! 94,"Financial experts warn of imminent collapse, but mainstream media refuses to report the truth...Financial experts warn of imminent collapse, but mainstream media refuses to report the truth...Financial experts warn of imminent collapse, but mainstream media refuses to report the truth...",0
23,Sports Team Wins Championship After Close Match - 98,Researchers at the university published their findings in the Journal of Climate Science. The study examined...Researchers at the university published their findings in the Journal of Climate Science. The study examined...Researchers at the university published their findings in the Journal of Climate Science. The study examined...Researchers at the university published their findings in the Journal of Climate Science. The study examined...,1
24,WARNING: Your Phone is Spying on You Right Now! 16,Leaked documents reveal shocking information that governments worldwide have been hiding from the public for decades...Leaked documents reveal shocking information that governments worldwide have been hiding from the public for decades...Leaked documents reveal shocking information that governments worldwide have been hiding from the public for decades...,0
25,University Researchers Make Progress in Cancer Study - 40,The city council voted 7-2 in favor of the new infrastructure project during Tuesday's meeting. The project includes...The city council voted 7-2 in favor of the new infrastructure project during Tuesday's meeting. The project includes...The city council voted 7-2 in favor of the new infrastructure project during Tuesday's meeting. The project includes...,1
26,Amazing: This One Trick Doctors Don't Want You to Know 2,"Financial experts warn of imminent collapse, but mainstream media refuses to report the truth...Financial experts warn of imminent collapse, but mainstream media refuses to report the truth...Financial experts warn of imminent collapse, but mainstream media refuses to report the truth...Financial experts warn of imminent collapse, but mainstream media refuses to report the truth...",0
27,Company Announces Quarterly Earnings Report - 5,"The new community center, located on Main Street, opened its doors to residents this week. Facilities include...The new community center, located on Main Street, opened its doors to residents this week. Facilities include...The new community center, located on Main Street, opened its doors to residents this week. Facilities include...The new community center, located on Main Street, opened its doors to residents this week. Facilities include...",1
28,Incredible: Free Money for Everyone Starting Next Week! 93,"According to unnamed sources, scientists have made an unprecedented discovery that will change everything we know about medicine...According to unnamed sources, scientists have made an unprecedented discovery that will change everything we know about medicine...",0
29,School District Implements New Education Program - 40,The city council voted 7-2 in favor of the new infrastructure project during Tuesday's meeting. The project includes...The city council voted 7-2 in favor of the new infrastructure project during Tuesday's meeting. The project includes...,1
30,Miracle Diet: Lose 50 Pounds in 1 Week! 29,"According to unnamed sources, scientists have made an unprecedented discovery that will change everything we know about medicine...According to unnamed sources, scientists have made an unprecedented discovery that will change everything we know about medicine...According to unnamed sources, scientists have made an unprecedented discovery that will change everything we know about medicine...According to unnamed sources, scientists have made an unprecedented discovery that will change everything we know about medicine...",0
31,Company Announces Quarterly Earnings Report - 20,"The company reported revenues of $X million for Q3, representing a Y% increase compared to the same period last year...The company reported revenues of $X million for Q3, representing a Y% increase compared to the same period last year...The company reported revenues of $X million for Q3, representing a Y% increase compared to the same period last year...",1
32,BREAKING: Scientists Discover Cure for All Diseases! 22,"According to unnamed sources, scientists have made an unprecedented discovery that will change everything we know about medicine...According to unnamed sources, scientists have made an unprecedented discovery that will change everything we know about medicine...According to unnamed sources, scientists have made an unprecedented discovery that will change everything we know about medicine...",0
33,Sports Team Wins Championship After Close Match - 71,"The company reported revenues of $X million for Q3, representing a Y% increase compared to the same period last year...The company reported revenues of $X million for Q3, representing a Y% increase compared to the same period last year...The company reported revenues of $X million for Q3, representing a Y% increase compared to the same period last year...",1
34,Unbelievable: Man Lives to 200 Years Using This Method 88,Investigation reveals disturbing connections between powerful figures and secretive organizations...Investigation reveals disturbing connections between powerful figures and secretive organizations...Investigation reveals disturbing connections between powerful figures and secretive organizations...Investigation reveals disturbing connections between powerful figures and secretive organizations...,0
35,City Opens New Community Center for Residents - 61,"The new community center, located on Main Street, opened its doors to residents this week. Facilities include...The new community center, located on Main Street, opened its doors to residents this week. Facilities include...",1
36,Celebrity Secretly Controls World Government 26,Leaked documents reveal shocking information that governments worldwide have been hiding from the public for decades...Leaked documents reveal shocking information that governments worldwide have been hiding from the public for decades...Leaked documents reveal shocking information that governments worldwide have been hiding from the public for decades...Leaked documents reveal shocking information that governments worldwide have been hiding from the public for decades...,0
37,Local Council Approves New Infrastructure Project - 25,Scientists at the research institute have made significant progress in understanding cancer cell behavior. The team...Scientists at the research institute have made significant progress in understanding cancer cell behavior. The team...Scientists at the research institute have made significant progress in understanding cancer cell behavior. The team...,1
38,WARNING: Your Phone is Spying on You Right Now! 40,"Financial experts warn of imminent collapse, but mainstream media refuses to report the truth...Financial experts warn of imminent collapse, but mainstream media refuses to report the truth...",0
39,Sports Team Wins Championship After Close Match - 6,Scientists at the research institute have made significant progress in understanding cancer cell behavior. The team...Scientists at the research institute have made significant progress in understanding cancer cell behavior. The team...Scientists at the research institute have made significant progress in understanding cancer cell behavior. The team...Scientists at the research institute have made significant progress in understanding cancer cell behavior. The team...,1
40,Unbelievable: Man Lives to 200 Years Using This Method 74,Leaked documents reveal shocking information that governments worldwide have been hiding from the public for decades...Leaked documents reveal shocking information that governments worldwide have been hiding from the public for decades...Leaked documents reveal shocking information that governments worldwide have been hiding from the public for decades...Leaked documents reveal shocking information that governments worldwide have been hiding from the public for decades...,0
41,Local Council Approves New Infrastructure Project - 31,Researchers at the university published their findings in the Journal of Climate Science. The study examined...Researchers at the university published their findings in the Journal of Climate Science. The study examined...,1
42,WARNING: Your Phone is Spying on You Right Now! 65,Leaked documents reveal shocking information that governments worldwide have been hiding from the public for decades...Leaked documents reveal shocking information that governments worldwide have been hiding from the public for decades...,0
43,Sports Team Wins Championship After Close Match - 73,Researchers at the university published their findings in the Journal of Climate Science. The study examined...Researchers at the university published their findings in the Journal of Climate Science. The study examined...,1
44,Unbelievable: Man Lives to 200 Years Using This Method 38,Doctors are furious about this simple trick that has helped thousands lose weight without any effort or exercise...Doctors are furious about this simple trick that has helped thousands lose weight without any effort or exercise...Doctors are furious about this simple trick that has helped thousands lose weight without any effort or exercise...,0
45,City Opens New Community Center for Residents - 87,The city council voted 7-2 in favor of the new infrastructure project during Tuesday's meeting. The project includes...The city council voted 7-2 in favor of the new infrastructure project during Tuesday's meeting. The project includes...,1
46,EXPOSED: The Real Truth Behind Recent Events 6,Leaked documents reveal shocking information that governments worldwide have been hiding from the public for decades...Leaked documents reveal shocking information that governments worldwide have been hiding from the public for decades...Leaked documents reveal shocking information that governments worldwide have been hiding from the public for decades...Leaked documents reveal shocking information that governments worldwide have been hiding from the public for decades...,0
47,Museum Hosts Exhibition of Historical Artifacts - 68,The city council voted 7-2 in favor of the new infrastructure project during Tuesday's meeting. The project includes...The city council voted 7-2 in favor of the new infrastructure project during Tuesday's meeting. The project includes...The city council voted 7-2 in favor of the new infrastructure project during Tuesday's meeting. The project includes...The city council voted 7-2 in favor of the new infrastructure project during Tuesday's meeting. The project includes...,1
48,Amazing: This One Trick Doctors Don't Want You to Know 65,Doctors are furious about this simple trick that has helped thousands lose weight without any effort or exercise...Doctors are furious about this simple trick that has helped thousands lose weight without any effort or exercise...Doctors are furious about this simple trick that has helped thousands lose weight without any effort or exercise...Doctors are furious about this simple trick that has helped thousands lose weight without any effort or exercise...,0
49,City Opens New Community Center for Residents - 80,Scientists at the research institute have made significant progress in understanding cancer cell behavior. The team...Scientists at the research institute have made significant progress in understanding cancer cell behavior. The team...,1
50,Amazing: This One Trick Doctors Don't Want You to Know 98,Leaked documents reveal shocking information that governments worldwide have been hiding from the public for decades...Leaked documents reveal shocking information that governments worldwide have been hiding from the public for decades...Leaked documents reveal shocking information that governments worldwide have been hiding from the public for decades...,0
51,University Researchers Make Progress in Cancer Study - 25,Scientists at the research institute have made significant progress in understanding cancer cell behavior. The team...Scientists at the research institute have made significant progress in understanding cancer cell behavior. The team...Scientists at the research institute have made significant progress in understanding cancer cell behavior. The team...Scientists at the research institute have made significant progress in understanding cancer cell behavior. The team...,1
52,Incredible: Free Money for Everyone Starting Next Week! 33,Investigation reveals disturbing connections between powerful figures and secretive organizations...Investigation reveals disturbing connections between powerful figures and secretive organizations...,0
53,Company Announces Quarterly Earnings Report - 62,Scientists at the research institute have made significant progress in understanding cancer cell behavior. The team...Scientists at the research institute have made significant progress in understanding cancer cell behavior. The team...,1
54,Miracle Diet: Lose 50 Pounds in 1 Week! 88,Investigation reveals disturbing connections between powerful figures and secretive organizations...Investigation reveals disturbing connections between powerful figures and secretive organizations...Investigation reveals disturbing connections between powerful figures and secretive organizations...,0
55,Local Council Approves New Infrastructure Project - 43,Researchers at the university published their findings in the Journal of Climate Science. The study examined...Researchers at the university published their findings in the Journal of Climate Science. The study examined...Researchers at the university published their findings in the Journal of Climate Science. The study examined...Researchers at the university published their findings in the Journal of Climate Science. The study examined...,1
56,Unbelievable: Man Lives to 200 Years Using This Method 49,Investigation reveals disturbing connections between powerful figures and secretive organizations...Investigation reveals disturbing connections between powerful figures and secretive organizations...Investigation reveals disturbing connections between powerful figures and secretive organizations...,0
57,Government Releases Annual Budget Proposal - 6,"The company reported revenues of $X million for Q3, representing a Y% increase compared to the same period last year...The company reported revenues of $X million for Q3, representing a Y% increase compared to the same period last year...The company reported revenues of $X million for Q3, representing a Y% increase compared to the same period last year...",1
58,Shocking Truth: Government Hiding Alien Contact 22,Investigation reveals disturbing connections between powerful figures and secretive organizations...Investigation reveals disturbing connections between powerful figures and secretive organizations...,0
59,Sports Team Wins Championship After Close Match - 30,"The new community center, located on Main Street, opened its doors to residents this week. Facilities include...The new community center, located on Main Street, opened its doors to residents this week. Facilities include...The new community center, located on Main Street, opened its doors to residents this week. Facilities include...The new community center, located on Main Street, opened its doors to residents this week. Facilities include...",1
60,Celebrity Secretly Controls World Government 75,Doctors are furious about this simple trick that has helped thousands lose weight without any effort or exercise...Doctors are furious about this simple trick that has helped thousands lose weight without any effort or exercise...Doctors are furious about this simple trick that has helped thousands lose weight without any effort or exercise...,0
61,University Researchers Make Progress in Cancer Study - 28,Scientists at the research institute have made significant progress in understanding cancer cell behavior. The team...Scientists at the research institute have made significant progress in understanding cancer cell behavior. The team...Scientists at the research institute have made significant progress in understanding cancer cell behavior. The team...Scientists at the research institute have made significant progress in understanding cancer cell behavior. The team...,1
62,EXPOSED: The Real Truth Behind Recent Events 95,Doctors are furious about this simple trick that has helped thousands lose weight without any effort or exercise...Doctors are furious about this simple trick that has helped thousands lose weight without any effort or exercise...Doctors are furious about this simple trick that has helped thousands lose weight without any effort or exercise...Doctors are furious about this simple trick that has helped thousands lose weight without any effort or exercise...,0
63,Sports Team Wins Championship After Close Match - 26,"The new community center, located on Main Street, opened its doors to residents this week. Facilities include...The new community center, located on Main Street, opened its doors to residents this week. Facilities include...The new community center, located on Main Street, opened its doors to residents this week. Facilities include...",1
64,Celebrity Secretly Controls World Government 92,Investigation reveals disturbing connections between powerful figures and secretive organizations...Investigation reveals disturbing connections between powerful figures and secretive organizations...,0
65,Research Team Publishes Study on Climate Patterns - 52,"The company reported revenues of $X million for Q3, representing a Y% increase compared to the same period last year...The company reported revenues of $X million for Q3, representing a Y% increase compared to the same period last year...The company reported revenues of $X million for Q3, representing a Y% increase compared to the same period last year...The company reported revenues of $X million for Q3, representing a Y% increase compared to the same period last year...",1
66,Celebrity Secretly Controls World Government 55,Leaked documents reveal shocking information that governments worldwide have been hiding from the public for decades...Leaked documents reveal shocking information that governments worldwide have been hiding from the public for decades...Leaked documents reveal shocking information that governments worldwide have been hiding from the public for decades...Leaked documents reveal shocking information that governments worldwide have been hiding from the public for decades...,0
67,Museum Hosts Exhibition of Historical Artifacts - 62,"The new community center, located on Main Street, opened its doors to residents this week. Facilities include...The new community center, located on Main Street, opened its doors to residents this week. Facilities include...The new community center, located on Main Street, opened its doors to residents this week. Facilities include...The new community center, located on Main Street, opened its doors to residents this week. Facilities include...",1
68,Incredible: Free Money for Everyone Starting Next Week! 59,Leaked documents reveal shocking information that governments worldwide have been hiding from the public for decades...Leaked documents reveal shocking information that governments worldwide have been hiding from the public for decades...,0
69,Company Announces Quarterly Earnings Report - 88,Researchers at the university published their findings in the Journal of Climate Science. The study examined...Researchers at the university published their findings in the Journal of Climate Science. The study examined...Researchers at the university published their findings in the Journal of Climate Science. The study examined...,1
70,Amazing: This One Trick Doctors Don't Want You to Know 79,"According to unnamed sources, scientists have made an unprecedented discovery that will change everything we know about medicine...According to unnamed sources, scientists have made an unprecedented discovery that will change everything we know about medicine...According to unnamed sources, scientists have made an unprecedented discovery that will change everything we know about medicine...According to unnamed sources, scientists have made an unprecedented discovery that will change everything we know about medicine...",0
71,Research Team Publishes Study on Climate Patterns - 37,"The company reported revenues of $X million for Q3, representing a Y% increase compared to the same period last year...The company reported revenues of $X million for Q3, representing a Y% increase compared to the same period last year...",1
72,Amazing: This One Trick Doctors Don't Want You to Know 5,"According to unnamed sources, scientists have made an unprecedented discovery that will change everything we know about medicine...According to unnamed sources, scientists have made an unprecedented discovery that will change everything we know about medicine...According to unnamed sources, scientists have made an unprecedented discovery that will change everything we know about medicine...",0
73,Company Announces Quarterly Earnings Report - 36,"The new community center, located on Main Street, opened its doors to residents this week. Facilities include...The new community center, located on Main Street, opened its doors to residents this week. Facilities include...The new community center, located on Main Street, opened its doors to residents this week. Facilities include...The new community center, located on Main Street, opened its doors to residents this week. Facilities include...",1
74,URGENT: Banks Will Collapse Tomorrow! 1,Doctors are furious about this simple trick that has helped thousands lose weight without any effort or exercise...Doctors are furious about this simple trick that has helped thousands lose weight without any effort or exercise...,0
75,Local Council Approves New Infrastructure Project - 28,Researchers at the university published their findings in the Journal of Climate Science. The study examined...Researchers at the university published their findings in the Journal of Climate Science. The study examined...,1
76,Miracle Diet: Lose 50 Pounds in 1 Week! 51,Doctors are furious about this simple trick that has helped thousands lose weight without any effort or exercise...Doctors are furious about this simple trick that has helped thousands lose weight without any effort or exercise...Doctors are furious about this simple trick that has helped thousands lose weight without any effort or exercise...,0
77,Sports Team Wins Championship After Close Match - 42,Researchers at the university published their findings in the Journal of Climate Science. The study examined...Researchers at the university published their findings in the Journal of Climate Science. The study examined...Researchers at the university published their findings in the Journal of Climate Science. The study examined...,1
78,EXPOSED: The Real Truth Behind Recent Events 100,"According to unnamed sources, scientists have made an unprecedented discovery that will change everything we know about medicine...According to unnamed sources, scientists have made an unprecedented discovery that will change everything we know about medicine...According to unnamed sources, scientists have made an unprecedented discovery that will change everything we know about medicine...According to unnamed sources, scientists have made an unprecedented discovery that will change everything we know about medicine...",0
79,Tech Company Launches Updated Software Version - 4,Scientists at the research institute have made significant progress in understanding cancer cell behavior. The team...Scientists at the research institute have made significant progress in understanding cancer cell behavior. The team...Scientists at the research institute have made significant progress in understanding cancer cell behavior. The team...,1
80,EXPOSED: The Real Truth Behind Recent Events 59,"Financial experts warn of imminent collapse, but mainstream media refuses to report the truth...Financial experts warn of imminent collapse, but mainstream media refuses to report the truth...Financial experts warn of imminent collapse, but mainstream media refuses to report the truth...Financial experts warn of imminent collapse, but mainstream media refuses to report the truth...",0
81,Research Team Publishes Study on Climate Patterns - 43,"The company reported revenues of $X million for Q3, representing a Y% increase compared to the same period last year...The company reported revenues of $X million for Q3, representing a Y% increase compared to the same period last year...The company reported revenues of $X million for Q3, representing a Y% increase compared to the same period last year...The company reported revenues of $X million for Q3, representing a Y% increase compared to the same period last year...",1
82,Amazing: This One Trick Doctors Don't Want You to Know 70,Investigation reveals disturbing connections between powerful figures and secretive organizations...Investigation reveals disturbing connections between powerful figures and secretive organizations...Investigation reveals disturbing connections between powerful figures and secretive organizations...,0
83,Company Announces Quarterly Earnings Report - 5,Researchers at the university published their findings in the Journal of Climate Science. The study examined...Researchers at the university published their findings in the Journal of Climate Science. The study examined...Researchers at the university published their findings in the Journal of Climate Science. The study examined...,1
84,EXPOSED: The Real Truth Behind Recent Events 99,Doctors are furious about this simple trick that has helped thousands lose weight without any effort or exercise...Doctors are furious about this simple trick that has helped thousands lose weight without any effort or exercise...,0
85,Local Council Approves New Infrastructure Project - 78,Researchers at the university published their findings in the Journal of Climate Science. The study examined...Researchers at the university published their findings in the Journal of Climate Science. The study examined...Researchers at the university published their findings in the Journal of Climate Science. The study examined...,1
86,Celebrity Secretly Controls World Government 71,Doctors are furious about this simple trick that has helped thousands lose weight without any effort or exercise...Doctors are furious about this simple trick that has helped thousands lose weight without any effort or exercise...,0
87,City Opens New Community Center for Residents - 57,"The company reported revenues of $X million for Q3, representing a Y% increase compared to the same period last year...The company reported revenues of $X million for Q3, representing a Y% increase compared to the same period last year...The company reported revenues of $X million for Q3, representing a Y% increase compared to the same period last year...",1
88,Celebrity Secretly Controls World Government 4,Leaked documents reveal shocking information that governments worldwide have been hiding from the public for decades...Leaked documents reveal shocking information that governments worldwide have been hiding from the public for decades...,0
89,Sports Team Wins Championship After Close Match - 9,"The company reported revenues of $X million for Q3, representing a Y% increase compared to the same period last year...The company reported revenues of $X million for Q3, representing a Y% increase compared to the same period last year...",1
90,Incredible: Free Money for Everyone Starting Next Week! 43,"According to unnamed sources, scientists have made an unprecedented discovery that will change everything we know about medicine...According to unnamed sources, scientists have made an unprecedented discovery that will change everything we know about medicine...According to unnamed sources, scientists have made an unprecedented discovery that will change everything we know about medicine...According to unnamed sources, scientists have made an unprecedented discovery that will change everything we know about medicine...",0
91,School District Implements New Education Program - 28,The city council voted 7-2 in favor of the new infrastructure project during Tuesday's meeting. The project includes...The city council voted 7-2 in favor of the new infrastructure project during Tuesday's meeting. The project includes...,1
92,WARNING: Your Phone is Spying on You Right Now! 48,"According to unnamed sources, scientists have made an unprecedented discovery that will change everything we know about medicine...According to unnamed sources, scientists have made an unprecedented discovery that will change everything we know about medicine...According to unnamed sources, scientists have made an unprecedented discovery that will change everything we know about medicine...According to unnamed sources, scientists have made an unprecedented discovery that will change everything we know about medicine...",0
93,Museum Hosts Exhibition of Historical Artifacts - 25,Researchers at the university published their findings in the Journal of Climate Science. The study examined...Researchers at the university published their findings in the Journal of Climate Science. The study examined...Researchers at the university published their findings in the Journal of Climate Science. The study examined...,1
94,Miracle Diet: Lose 50 Pounds in 1 Week! 80,Doctors are furious about this simple trick that has helped thousands lose weight without any effort or exercise...Doctors are furious about this simple trick that has helped thousands lose weight without any effort or exercise...Doctors are furious about this simple trick that has helped thousands lose weight without any effort or exercise...Doctors are furious about this simple trick that has helped thousands lose weight without any effort or exercise...,0
95,Local Council Approves New Infrastructure Project - 40,"The new community center, located on Main Street, opened its doors to residents this week. Facilities include...The new community center, located on Main Street, opened its doors to residents this week. Facilities include...The new community center, located on Main Street, opened its doors to residents this week. Facilities include...",1
96,BREAKING: Scientists Discover Cure for All Diseases! 54,Leaked documents reveal shocking information that governments worldwide have been hiding from the public for decades...Leaked documents reveal shocking information that governments worldwide have been hiding from the public for decades...Leaked documents reveal shocking information that governments worldwide have been hiding from the public for decades...Leaked documents reveal shocking information that governments worldwide have been hiding from the public for decades...,0
97,City Opens New Community Center for Residents - 50,The city council voted 7-2 in favor of the new infrastructure project during Tuesday's meeting. The project includes...The city council voted 7-2 in favor of the new infrastructure project during Tuesday's meeting. The project includes...,1
98,Incredible: Free Money for Everyone Starting Next Week! 94,Leaked documents reveal shocking information that governments worldwide have been hiding from the public for decades...Leaked documents reveal shocking information that governments worldwide have been hiding from the public for decades...Leaked documents reveal shocking information that governments worldwide have been hiding from the public for decades...Leaked documents reveal shocking information that governments worldwide have been hiding from the public for decades...,0
99,Museum Hosts Exhibition of Historical Artifacts - 47,Scientists at the research institute have made significant progress in understanding cancer cell behavior. The team...Scientists at the research institute have made significant progress in understanding cancer cell behavior. The team...Scientists at the research institute have made significant progress in understanding cancer cell behavior. The team...,1
100,Incredible: Free Money for Everyone Starting Next Week! 56,Investigation reveals disturbing connections between powerful figures and secretive organizations...Investigation reveals disturbing connections between powerful figures and secretive organizations...Investigation reveals disturbing connections between powerful figures and secretive organizations...,0
101,Company Announces Quarterly Earnings Report - 57,"The company reported revenues of $X million for Q3, representing a Y% increase compared to the same period last year...The company reported revenues of $X million for Q3, representing a Y% increase compared to the same period last year...The company reported revenues of $X million for Q3, representing a Y% increase compared to the same period last year...",1
102,WARNING: Your Phone is Spying on You Right Now! 22,"According to unnamed sources, scientists have made an unprecedented discovery that will change everything we know about medicine...According to unnamed sources, scientists have made an unprecedented discovery that will change everything we know about medicine...According to unnamed sources, scientists have made an unprecedented discovery that will change everything we know about medicine...According to unnamed sources, scientists have made an unprecedented discovery that will change everything we know about medicine...",0
103,School District Implements New Education Program - 27,"The company reported revenues of $X million for Q3, representing a Y% increase compared to the same period last year...The company reported revenues of $X million for Q3, representing a Y% increase compared to the same period last year...The company reported revenues of $X million for Q3, representing a Y% increase compared to the same period last year...",1
104,BREAKING: Scientists Discover Cure for All Diseases! 41,Doctors are furious about this simple trick that has helped thousands lose weight without any effort or exercise...Doctors are furious about this simple trick that has helped thousands lose weight without any effort or exercise...,0
105,Government Releases Annual Budget Proposal - 13,The city council voted 7-2 in favor of the new infrastructure project during Tuesday's meeting. The project includes...The city council voted 7-2 in favor of the new infrastructure project during Tuesday's meeting. The project includes...,1
106,URGENT: Banks Will Collapse Tomorrow! 48,"Financial experts warn of imminent collapse, but mainstream media refuses to report the truth...Financial experts warn of imminent collapse, but mainstream media refuses to report the truth...Financial experts warn of imminent collapse, but mainstream media refuses to report the truth...Financial experts warn of imminent collapse, but mainstream media refuses to report the truth...",0
107,Research Team Publishes Study on Climate Patterns - 25,The city council voted 7-2 in favor of the new infrastructure project during Tuesday's meeting. The project includes...The city council voted 7-2 in favor of the new infrastructure project during Tuesday's meeting. The project includes...,1
108,Miracle Diet: Lose 50 Pounds in 1 Week! 41,"Financial experts warn of imminent collapse, but mainstream media refuses to report the truth...Financial experts warn of imminent collapse, but mainstream media refuses to report the truth...Financial experts warn of imminent collapse, but mainstream media refuses to report the truth...Financial experts warn of imminent collapse, but mainstream media refuses to report the truth...",0
109,Sports Team Wins Championship After Close Match - 69,Scientists at the research institute have made significant progress in understanding cancer cell behavior. The team...Scientists at the research institute have made significant progress in understanding cancer cell behavior. The team...Scientists at the research institute have made significant progress in understanding cancer cell behavior. The team...Scientists at the research institute have made significant progress in understanding cancer cell behavior. The team...,1
110,Amazing: This One Trick Doctors Don't Want You to Know 47,Investigation reveals disturbing connections between powerful figures and secretive organizations...Investigation reveals disturbing connections between powerful figures and secretive organizations...Investigation reveals disturbing connections between powerful figures and secretive organizations...Investigation reveals disturbing connections between powerful figures and secretive organizations...,0
111,City Opens New Community Center for Residents - 61,The city council voted 7-2 in favor of the new infrastructure project during Tuesday's meeting. The project includes...The city council voted 7-2 in favor of the new infrastructure project during Tuesday's meeting. The project includes...,1
112,Shocking Truth: Government Hiding Alien Contact 3,Leaked documents reveal shocking information that governments worldwide have been hiding from the public for decades...Leaked documents reveal shocking information that governments worldwide have been hiding from the public for decades...Leaked documents reveal shocking information that governments worldwide have been hiding from the public for decades...Leaked documents reveal shocking information that governments worldwide have been hiding from the public for decades...,0
113,Research Team Publishes Study on Climate Patterns - 95,Researchers at the university published their findings in the Journal of Climate Science. The study examined...Researchers at the university published their findings in the Journal of Climate Science. The study examined...Researchers at the university published their findings in the Journal of Climate Science. The study examined...Researchers at the university published their findings in the Journal of Climate Science. The study examined...,1
114,Amazing: This One Trick Doctors Don't Want You to Know 49,"According to unnamed sources, scientists have made an unprecedented discovery that will change everything we know about medicine...According to unnamed sources, scientists have made an unprecedented discovery that will change everything we know about medicine...According to unnamed sources, scientists have made an unprecedented discovery that will change everything we know about medicine...",0
115,Research Team Publishes Study on Climate Patterns - 89,Researchers at the university published their findings in the Journal of Climate Science. The study examined...Researchers at the university published their findings in the Journal of Climate Science. The study examined...Researchers at the university published their findings in the Journal of Climate Science. The study examined...Researchers at the university published their findings in the Journal of Climate Science. The study examined...,1
116,Miracle Diet: Lose 50 Pounds in 1 Week! 81,Investigation reveals disturbing connections between powerful figures and secretive organizations...Investigation reveals disturbing connections between powerful figures and secretive organizations...Investigation reveals disturbing connections between powerful figures and secretive organizations...,0
117,Research Team Publishes Study on Climate Patterns - 84,"The new community center, located on Main Street, opened its doors to residents this week. Facilities include...The new community center, located on Main Street, opened its doors to residents this week. Facilities include...The new community center, located on Main Street, opened its doors to residents this week. Facilities include...",1
118,Amazing: This One Trick Doctors Don't Want You to Know 99,"Financial experts warn of imminent collapse, but mainstream media refuses to report the truth...Financial experts warn of imminent collapse, but mainstream media refuses to report the truth...Financial experts warn of imminent collapse, but mainstream media refuses to report the truth...Financial experts warn of imminent collapse, but mainstream media refuses to report the truth...",0
119,Sports Team Wins Championship After Close Match - 16,Scientists at the research institute have made significant progress in understanding cancer cell behavior. The team...Scientists at the research institute have made significant progress in understanding cancer cell behavior. The team...Scientists at the research institute have made significant progress in understanding cancer cell behavior. The team...,1
120,WARNING: Your Phone is Spying on You Right Now! 58,Leaked documents reveal shocking information that governments worldwide have been hiding from the public for decades...Leaked documents reveal shocking information that governments worldwide have been hiding from the public for decades...Leaked documents reveal shocking information that governments worldwide have been hiding from the public for decades...,0
121,Company Announces Quarterly Earnings Report - 58,Scientists at the research institute have made significant progress in understanding cancer cell behavior. The team...Scientists at the research institute have made significant progress in understanding cancer cell behavior. The team...Scientists at the research institute have made significant progress in understanding cancer cell behavior. The team...Scientists at the research institute have made significant progress in understanding cancer cell behavior. The team...,1
122,Incredible: Free Money for Everyone Starting Next Week! 63,Doctors are furious about this simple trick that has helped thousands lose weight without any effort or exercise...Doctors are furious about this simple trick that has helped thousands lose weight without any effort or exercise...Doctors are furious about this simple trick that has helped thousands lose weight without any effort or exercise...,0
123,Company Announces Quarterly Earnings Report - 46,Researchers at the university published their findings in the Journal of Climate Science. The study examined...Researchers at the university published their findings in the Journal of Climate Science. The study examined...Researchers at the university published their findings in the Journal of Climate Science. The study examined...,1
124,EXPOSED: The Real Truth Behind Recent Events 67,Doctors are furious about this simple trick that has helped thousands lose weight without any effort or exercise...Doctors are furious about this simple trick that has helped thousands lose weight without any effort or exercise...,0
125,Research Team Publishes Study on Climate Patterns - 78,The city council voted 7-2 in favor of the new infrastructure project during Tuesday's meeting. The project includes...The city council voted 7-2 in favor of the new infrastructure project during Tuesday's meeting. The project includes...The city council voted 7-2 in favor of the new infrastructure project during Tuesday's meeting. The project includes...The city council voted 7-2 in favor of the new infrastructure project during Tuesday's meeting. The project includes...,1
126,Shocking Truth: Government Hiding Alien Contact 64,"According to unnamed sources, scientists have made an unprecedented discovery that will change everything we know about medicine...According to unnamed sources, scientists have made an unprecedented discovery that will change everything we know about medicine...According to unnamed sources, scientists have made an unprecedented discovery that will change everything we know about medicine...",0
127,City Opens New Community Center for Residents - 62,"The new community center, located on Main Street, opened its doors to residents this week. Facilities include...The new community center, located on Main Street, opened its doors to residents this week. Facilities include...The new community center, located on Main Street, opened its doors to residents this week. Facilities include...The new community center, located on Main Street, opened its doors to residents this week. Facilities include...",1
128,Shocking Truth: Government Hiding Alien Contact 95,"Financial experts warn of imminent collapse, but mainstream media refuses to report the truth...Financial experts warn of imminent collapse, but mainstream media refuses to report the truth...Financial experts warn of imminent collapse, but mainstream media refuses to report the truth...Financial experts warn of imminent collapse, but mainstream media refuses to report the truth...",0
129,School District Implements New Education Program - 62,"The new community center, located on Main Street, opened its doors to residents this week. Facilities include...The new community center, located on Main Street, opened its doors to residents this week. Facilities include...The new community center, located on Main Street, opened its doors to residents this week. Facilities include...",1
130,URGENT: Banks Will Collapse Tomorrow! 52,"According to unnamed sources, scientists have made an unprecedented discovery that will change everything we know about medicine...According to unnamed sources, scientists have made an unprecedented discovery that will change everything we know about medicine...According to unnamed sources, scientists have made an unprecedented discovery that will change everything we know about medicine...",0
131,Government Releases Annual Budget Proposal - 74,"The company reported revenues of $X million for Q3, representing a Y% increase compared to the same period last year...The company reported revenues of $X million for Q3, representing a Y% increase compared to the same period last year...The company reported revenues of $X million for Q3, representing a Y% increase compared to the same period last year...",1
132,WARNING: Your Phone is Spying on You Right Now! 78,"According to unnamed sources, scientists have made an unprecedented discovery that will change everything we know about medicine...According to unnamed sources, scientists have made an unprecedented discovery that will change everything we know about medicine...",0
133,Tech Company Launches Updated Software Version - 53,"The new community center, located on Main Street, opened its doors to residents this week. Facilities include...The new community center, located on Main Street, opened its doors to residents this week. Facilities include...",1
134,WARNING: Your Phone is Spying on You Right Now! 95,"According to unnamed sources, scientists have made an unprecedented discovery that will change everything we know about medicine...According to unnamed sources, scientists have made an unprecedented discovery that will change everything we know about medicine...According to unnamed sources, scientists have made an unprecedented discovery that will change everything we know about medicine...",0
135,Company Announces Quarterly Earnings Report - 53,"The company reported revenues of $X million for Q3, representing a Y% increase compared to the same period last year...The company reported revenues of $X million for Q3, representing a Y% increase compared to the same period last year...The company reported revenues of $X million for Q3, representing a Y% increase compared to the same period last year...",1
136,Shocking Truth: Government Hiding Alien Contact 88,Investigation reveals disturbing connections between powerful figures and secretive organizations...Investigation reveals disturbing connections between powerful figures and secretive organizations...Investigation reveals disturbing connections between powerful figures and secretive organizations...,0
137,Research Team Publishes Study on Climate Patterns - 42,Scientists at the research institute have made significant progress in understanding cancer cell behavior. The team...Scientists at the research institute have made significant progress in understanding cancer cell behavior. The team...Scientists at the research institute have made significant progress in understanding cancer cell behavior. The team...,1
138,BREAKING: Scientists Discover Cure for All Diseases! 33,Doctors are furious about this simple trick that has helped thousands lose weight without any effort or exercise...Doctors are furious about this simple trick that has helped thousands lose weight without any effort or exercise...Doctors are furious about this simple trick that has helped thousands lose weight without any effort or exercise...,0
139,School District Implements New Education Program - 38,"The new community center, located on Main Street, opened its doors to residents this week. Facilities include...The new community center, located on Main Street, opened its doors to residents this week. Facilities include...The new community center, located on Main Street, opened its doors to residents this week. Facilities include...",1
140,EXPOSED: The Real Truth Behind Recent Events 95,Doctors are furious about this simple trick that has helped thousands lose weight without any effort or exercise...Doctors are furious about this simple trick that has helped thousands lose weight without any effort or exercise...Doctors are furious about this simple trick that has helped thousands lose weight without any effort or exercise...,0
141,City Opens New Community Center for Residents - 5,Researchers at the university published their findings in the Journal of Climate Science. The study examined...Researchers at the university published their findings in the Journal of Climate Science. The study examined...Researchers at the university published their findings in the Journal of Climate Science. The study examined...,1
142,EXPOSED: The Real Truth Behind Recent Events 66,"According to unnamed sources, scientists have made an unprecedented discovery that will change everything we know about medicine...According to unnamed sources, scientists have made an unprecedented discovery that will change everything we know about medicine...According to unnamed sources, scientists have made an unprecedented discovery that will change everything we know about medicine...",0
143,Local Council Approves New Infrastructure Project - 47,"The new community center, located on Main Street, opened its doors to residents this week. Facilities include...The new community center, located on Main Street, opened its doors to residents this week. Facilities include...",1
144,Miracle Diet: Lose 50 Pounds in 1 Week! 32,"Financial experts warn of imminent collapse, but mainstream media refuses to report the truth...Financial experts warn of imminent collapse, but mainstream media refuses to report the truth...",0
145,University Researchers Make Progress in Cancer Study - 41,"The new community center, located on Main Street, opened its doors to residents this week. Facilities include...The new community center, located on Main Street, opened its doors to residents this week. Facilities include...",1
146,Shocking Truth: Government Hiding Alien Contact 72,"Financial experts warn of imminent collapse, but mainstream media refuses to report the truth...Financial experts warn of imminent collapse, but mainstream media refuses to report the truth...Financial experts warn of imminent collapse, but mainstream media refuses to report the truth...",0
147,Research Team Publishes Study on Climate Patterns - 73,Researchers at the university published their findings in the Journal of Climate Science. The study examined...Researchers at the university published their findings in the Journal of Climate Science. The study examined...Researchers at the university published their findings in the Journal of Climate Science. The study examined...,1
148,Miracle Diet: Lose 50 Pounds in 1 Week! 58,"Financial experts warn of imminent collapse, but mainstream media refuses to report the truth...Financial experts warn of imminent collapse, but mainstream media refuses to report the truth...Financial experts warn of imminent collapse, but mainstream media refuses to report the truth...",0
149,Museum Hosts Exhibition of Historical Artifacts - 87,Researchers at the university published their findings in the Journal of Climate Science. The study examined...Researchers at the university published their findings in the Journal of Climate Science. The study examined...,1
150,URGENT: Banks Will Collapse Tomorrow! 9,Investigation reveals disturbing connections between powerful figures and secretive organizations...Investigation reveals disturbing connections between powerful figures and secretive organizations...,0
151,University Researchers Make Progress in Cancer Study - 54,"The company reported revenues of $X million for Q3, representing a Y% increase compared to the same period last year...The company reported revenues of $X million for Q3, representing a Y% increase compared to the same period last year...The company reported revenues of $X million for Q3, representing a Y% increase compared to the same period last year...The company reported revenues of $X million for Q3, representing a Y% increase compared to the same period last year...",1
152,EXPOSED: The Real Truth Behind Recent Events 39,"Financial experts warn of imminent collapse, but mainstream media refuses to report the truth...Financial experts warn of imminent collapse, but mainstream media refuses to report the truth...Financial experts warn of imminent collapse, but mainstream media refuses to report the truth...",0
153,School District Implements New Education Program - 83,"The new community center, located on Main Street, opened its doors to residents this week. Facilities include...The new community center, located on Main Street, opened its doors to residents this week. Facilities include...The new community center, located on Main Street, opened its doors to residents this week. Facilities include...The new community center, located on Main Street, opened its doors to residents this week. Facilities include...",1
154,Shocking Truth: Government Hiding Alien Contact 76,"Financial experts warn of imminent collapse, but mainstream media refuses to report the truth...Financial experts warn of imminent collapse, but mainstream media refuses to report the truth...",0
155,Company Announces Quarterly Earnings Report - 71,Scientists at the research institute have made significant progress in understanding cancer cell behavior. The team...Scientists at the research institute have made significant progress in understanding cancer cell behavior. The team...Scientists at the research institute have made significant progress in understanding cancer cell behavior. The team...Scientists at the research institute have made significant progress in understanding cancer cell behavior. The team...,1
156,EXPOSED: The Real Truth Behind Recent Events 95,Investigation reveals disturbing connections between powerful figures and secretive organizations...Investigation reveals disturbing connections between powerful figures and secretive organizations...Investigation reveals disturbing connections between powerful figures and secretive organizations...,0
157,School District Implements New Education Program - 80,The city council voted 7-2 in favor of the new infrastructure project during Tuesday's meeting. The project includes...The city council voted 7-2 in favor of the new infrastructure project during Tuesday's meeting. The project includes...The city council voted 7-2 in favor of the new infrastructure project during Tuesday's meeting. The project includes...,1
158,BREAKING: Scientists Discover Cure for All Diseases! 29,Investigation reveals disturbing connections between powerful figures and secretive organizations...Investigation reveals disturbing connections between powerful figures and secretive organizations...Investigation reveals disturbing connections between powerful figures and secretive organizations...,0
159,Government Releases Annual Budget Proposal - 92,"The company reported revenues of $X million for Q3, representing a Y% increase compared to the same period last year...The company reported revenues of $X million for Q3, representing a Y% increase compared to the same period last year...The company reported revenues of $X million for Q3, representing a Y% increase compared to the same period last year...The company reported revenues of $X million for Q3, representing a Y% increase compared to the same period last year...",1
160,URGENT: Banks Will Collapse Tomorrow! 67,Doctors are furious about this simple trick that has helped thousands lose weight without any effort or exercise...Doctors are furious about this simple trick that has helped thousands lose weight without any effort or exercise...Doctors are furious about this simple trick that has helped thousands lose weight without any effort or exercise...Doctors are furious about this simple trick that has helped thousands lose weight without any effort or exercise...,0
161,Research Team Publishes Study on Climate Patterns - 37,The city council voted 7-2 in favor of the new infrastructure project during Tuesday's meeting. The project includes...The city council voted 7-2 in favor of the new infrastructure project during Tuesday's meeting. The project includes...The city council voted 7-2 in favor of the new infrastructure project during Tuesday's meeting. The project includes...The city council voted 7-2 in favor of the new infrastructure project during Tuesday's meeting. The project includes...,1
162,Miracle Diet: Lose 50 Pounds in 1 Week! 40,Leaked documents reveal shocking information that governments worldwide have been hiding from the public for decades...Leaked documents reveal shocking information that governments worldwide have been hiding from the public for decades...Leaked documents reveal shocking information that governments worldwide have been hiding from the public for decades...Leaked documents reveal shocking information that governments worldwide have been hiding from the public for decades...,0
163,Research Team Publishes Study on Climate Patterns - 43,"The company reported revenues of $X million for Q3, representing a Y% increase compared to the same period last year...The company reported revenues of $X million for Q3, representing a Y% increase compared to the same period last year...The company reported revenues of $X million for Q3, representing a Y% increase compared to the same period last year...",1
164,Shocking Truth: Government Hiding Alien Contact 69,"According to unnamed sources, scientists have made an unprecedented discovery that will change everything we know about medicine...According to unnamed sources, scientists have made an unprecedented discovery that will change everything we know about medicine...According to unnamed sources, scientists have made an unprecedented discovery that will change everything we know about medicine...",0
165,School District Implements New Education Program - 51,The city council voted 7-2 in favor of the new infrastructure project during Tuesday's meeting. The project includes...The city council voted 7-2 in favor of the new infrastructure project during Tuesday's meeting. The project includes...The city council voted 7-2 in favor of the new infrastructure project during Tuesday's meeting. The project includes...The city council voted 7-2 in favor of the new infrastructure project during Tuesday's meeting. The project includes...,1
166,Celebrity Secretly Controls World Government 50,"According to unnamed sources, scientists have made an unprecedented discovery that will change everything we know about medicine...According to unnamed sources, scientists have made an unprecedented discovery that will change everything we know about medicine...",0
167,School District Implements New Education Program - 1,The city council voted 7-2 in favor of the new infrastructure project during Tuesday's meeting. The project includes...The city council voted 7-2 in favor of the new infrastructure project during Tuesday's meeting. The project includes...,1
168,Amazing: This One Trick Doctors Don't Want You to Know 21,"Financial experts warn of imminent collapse, but mainstream media refuses to report the truth...Financial experts warn of imminent collapse, but mainstream media refuses to report the truth...Financial experts warn of imminent collapse, but mainstream media refuses to report the truth...Financial experts warn of imminent collapse, but mainstream media refuses to report the truth...",0
169,Government Releases Annual Budget Proposal - 53,"The company reported revenues of $X million for Q3, representing a Y% increase compared to the same period last year...The company reported revenues of $X million for Q3, representing a Y% increase compared to the same period last year...The company reported revenues of $X million for Q3, representing a Y% increase compared to the same period last year...The company reported revenues of $X million for Q3, representing a Y% increase compared to the same period last year...",1
170,Incredible: Free Money for Everyone Starting Next Week! 6,"Financial experts warn of imminent collapse, but mainstream media refuses to report the truth...Financial experts warn of imminent collapse, but mainstream media refuses to report the truth...Financial experts warn of imminent collapse, but mainstream media refuses to report the truth...Financial experts warn of imminent collapse, but mainstream media refuses to report the truth...",0
171,Research Team Publishes Study on Climate Patterns - 30,The city council voted 7-2 in favor of the new infrastructure project during Tuesday's meeting. The project includes...The city council voted 7-2 in favor of the new infrastructure project during Tuesday's meeting. The project includes...The city council voted 7-2 in favor of the new infrastructure project during Tuesday's meeting. The project includes...The city council voted 7-2 in favor of the new infrastructure project during Tuesday's meeting. The project includes...,1
172,Shocking Truth: Government Hiding Alien Contact 19,"According to unnamed sources, scientists have made an unprecedented discovery that will change everything we know about medicine...According to unnamed sources, scientists have made an unprecedented discovery that will change everything we know about medicine...",0
173,Sports Team Wins Championship After Close Match - 71,Researchers at the university published their findings in the Journal of Climate Science. The study examined...Researchers at the university published their findings in the Journal of Climate Science. The study examined...Researchers at the university published their findings in the Journal of Climate Science. The study examined...Researchers at the university published their findings in the Journal of Climate Science. The study examined...,1
174,EXPOSED: The Real Truth Behind Recent Events 89,Investigation reveals disturbing connections between powerful figures and secretive organizations...Investigation reveals disturbing connections between powerful figures and secretive organizations...,0
175,Local Council Approves New Infrastructure Project - 71,"The company reported revenues of $X million for Q3, representing a Y% increase compared to the same period last year...The company reported revenues of $X million for Q3, representing a Y% increase compared to the same period last year...The company reported revenues of $X million for Q3, representing a Y% increase compared to the same period last year...",1
176,WARNING: Your Phone is Spying on You Right Now! 50,Doctors are furious about this simple trick that has helped thousands lose weight without any effort or exercise...Doctors are furious about this simple trick that has helped thousands lose weight without any effort or exercise...,0
177,Government Releases Annual Budget Proposal - 20,"The new community center, located on Main Street, opened its doors to residents this week. Facilities include...The new community center, located on Main Street, opened its doors to residents this week. Facilities include...",1
178,URGENT: Banks Will Collapse Tomorrow! 1,Leaked documents reveal shocking information that governments worldwide have been hiding from the public for decades...Leaked documents reveal shocking information that governments worldwide have been hiding from the public for decades...Leaked documents reveal shocking information that governments worldwide have been hiding from the public for decades...Leaked documents reveal shocking information that governments worldwide have been hiding from the public for decades...,0
179,School District Implements New Education Program - 37,Scientists at the research institute have made significant progress in understanding cancer cell behavior. The team...Scientists at the research institute have made significant progress in understanding cancer cell behavior. The team...,1
180,URGENT: Banks Will Collapse Tomorrow! 15,Leaked documents reveal shocking information that governments worldwide have been hiding from the public for decades...Leaked documents reveal shocking information that governments worldwide have been hiding from the public for decades...,0
181,Company Announces Quarterly Earnings Report - 62,"The new community center, located on Main Street, opened its doors to residents this week. Facilities include...The new community center, located on Main Street, opened its doors to residents this week. Facilities include...The new community center, located on Main Street, opened its doors to residents this week. Facilities include...The new community center, located on Main Street, opened its doors to residents this week. Facilities include...",1
182,Incredible: Free Money for Everyone Starting Next Week! 95,Investigation reveals disturbing connections between powerful figures and secretive organizations...Investigation reveals disturbing connections between powerful figures and secretive organizations...Investigation reveals disturbing connections between powerful figures and secretive organizations...,0
183,School District Implements New Education Program - 98,Researchers at the university published their findings in the Journal of Climate Science. The study examined...Researchers at the university published their findings in the Journal of Climate Science. The study examined...,1
184,URGENT: Banks Will Collapse Tomorrow! 57,Leaked documents reveal shocking information that governments worldwide have been hiding from the public for decades...Leaked documents reveal shocking information that governments worldwide have been hiding from the public for decades...Leaked documents reveal shocking information that governments worldwide have been hiding from the public for decades...Leaked documents reveal shocking information that governments worldwide have been hiding from the public for decades...,0
185,Government Releases Annual Budget Proposal - 73,"The company reported revenues of $X million for Q3, representing a Y% increase compared to the same period last year...The company reported revenues of $X million for Q3, representing a Y% increase compared to the same period last year...The company reported revenues of $X million for Q3, representing a Y% increase compared to the same period last year...The company reported revenues of $X million for Q3, representing a Y% increase compared to the same period last year...",1
186,Celebrity Secretly Controls World Government 23,Leaked documents reveal shocking information that governments worldwide have been hiding from the public for decades...Leaked documents reveal shocking information that governments worldwide have been hiding from the public for decades...Leaked documents reveal shocking information that governments worldwide have been hiding from the public for decades...Leaked documents reveal shocking information that governments worldwide have been hiding from the public for decades...,0
187,Research Team Publishes Study on Climate Patterns - 75,The city council voted 7-2 in favor of the new infrastructure project during Tuesday's meeting. The project includes...The city council voted 7-2 in favor of the new infrastructure project during Tuesday's meeting. The project includes...The city council voted 7-2 in favor of the new infrastructure project during Tuesday's meeting. The project includes...,1
188,WARNING: Your Phone is Spying on You Right Now! 18,Leaked documents reveal shocking information that governments worldwide have been hiding from the public for decades...Leaked documents reveal shocking information that governments worldwide have been hiding from the public for decades...Leaked documents reveal shocking information that governments worldwide have been hiding from the public for decades...Leaked documents reveal shocking information that governments worldwide have been hiding from the public for decades...,0
189,Local Council Approves New Infrastructure Project - 31,"The company reported revenues of $X million for Q3, representing a Y% increase compared to the same period last year...The company reported revenues of $X million for Q3, representing a Y% increase compared to the same period last year...The company reported revenues of $X million for Q3, representing a Y% increase compared to the same period last year...The company reported revenues of $X million for Q3, representing a Y% increase compared to the same period last year...",1
190,Miracle Diet: Lose 50 Pounds in 1 Week! 38,"According to unnamed sources, scientists have made an unprecedented discovery that will change everything we know about medicine...According to unnamed sources, scientists have made an unprecedented discovery that will change everything we know about medicine...According to unnamed sources, scientists have made an unprecedented discovery that will change everything we know about medicine...",0
191,Museum Hosts Exhibition of Historical Artifacts - 48,The city council voted 7-2 in favor of the new infrastructure project during Tuesday's meeting. The project includes...The city council voted 7-2 in favor of the new infrastructure project during Tuesday's meeting. The project includes...,1
192,WARNING: Your Phone is Spying on You Right Now! 46,"According to unnamed sources, scientists have made an unprecedented discovery that will change everything we know about medicine...According to unnamed sources, scientists have made an unprecedented discovery that will change everything we know about medicine...According to unnamed sources, scientists have made an unprecedented discovery that will change everything we know about medicine...",0
193,Local Council Approves New Infrastructure Project - 37,Researchers at the university published their findings in the Journal of Climate Science. The study examined...Researchers at the university published their findings in the Journal of Climate Science. The study examined...Researchers at the university published their findings in the Journal of Climate Science. The study examined...,1
194,Miracle Diet: Lose 50 Pounds in 1 Week! 97,Leaked documents reveal shocking information that governments worldwide have been hiding from the public for decades...Leaked documents reveal shocking information that governments worldwide have been hiding from the public for decades...Leaked documents reveal shocking information that governments worldwide have been hiding from the public for decades...,0
195,City Opens New Community Center for Residents - 97,Researchers at the university published their findings in the Journal of Climate Science. The study examined...Researchers at the university published their findings in the Journal of Climate Science. The study examined...,1
196,EXPOSED: The Real Truth Behind Recent Events 71,Investigation reveals disturbing connections between powerful figures and secretive organizations...Investigation reveals disturbing connections between powerful figures and secretive organizations...,0
197,Government Releases Annual Budget Proposal - 93,"The company reported revenues of $X million for Q3, representing a Y% increase compared to the same period last year...The company reported revenues of $X million for Q3, representing a Y% increase compared to the same period last year...The company reported revenues of $X million for Q3, representing a Y% increase compared to the same period last year...",1
198,Shocking Truth: Government Hiding Alien Contact 12,Leaked documents reveal shocking information that governments worldwide have been hiding from the public for decades...Leaked documents reveal shocking information that governments worldwide have been hiding from the public for decades...Leaked documents reveal shocking information that governments worldwide have been hiding from the public for decades...,0
199,Sports Team Wins Championship After Close Match - 89,Scientists at the research institute have made significant progress in understanding cancer cell behavior. The team...Scientists at the research institute have made significant progress in understanding cancer cell behavior. The team...Scientists at the research institute have made significant progress in understanding cancer cell behavior. The team...Scientists at the research institute have made significant progress in understanding cancer cell behavior. The team...,1
200,EXPOSED: The Real Truth Behind Recent Events 8,"According to unnamed sources, scientists have made an unprecedented discovery that will change everything we know about medicine...According to unnamed sources, scientists have made an unprecedented discovery that will change everything we know about medicine...",0
201,City Opens New Community Center for Residents - 3,Scientists at the research institute have made significant progress in understanding cancer cell behavior. The team...Scientists at the research institute have made significant progress in understanding cancer cell behavior. The team...Scientists at the research institute have made significant progress in understanding cancer cell behavior. The team...,1
202,Celebrity Secretly Controls World Government 4,"Financial experts warn of imminent collapse, but mainstream media refuses to report the truth...Financial experts warn of imminent collapse, but mainstream media refuses to report the truth...",0
203,Tech Company Launches Updated Software Version - 96,"The company reported revenues of $X million for Q3, representing a Y% increase compared to the same period last year...The company reported revenues of $X million for Q3, representing a Y% increase compared to the same period last year...The company reported revenues of $X million for Q3, representing a Y% increase compared to the same period last year...",1
204,WARNING: Your Phone is Spying on You Right Now! 93,Investigation reveals disturbing connections between powerful figures and secretive organizations...Investigation reveals disturbing connections between powerful figures and secretive organizations...,0
205,Government Releases Annual Budget Proposal - 69,Scientists at the research institute have made significant progress in understanding cancer cell behavior. The team...Scientists at the research institute have made significant progress in understanding cancer cell behavior. The team...Scientists at the research institute have made significant progress in understanding cancer cell behavior. The team...,1
206,WARNING: Your Phone is Spying on You Right Now! 36,"Financial experts warn of imminent collapse, but mainstream media refuses to report the truth...Financial experts warn of imminent collapse, but mainstream media refuses to report the truth...",0
207,Government Releases Annual Budget Proposal - 39,The city council voted 7-2 in favor of the new infrastructure project during Tuesday's meeting. The project includes...The city council voted 7-2 in favor of the new infrastructure project during Tuesday's meeting. The project includes...,1
208,Miracle Diet: Lose 50 Pounds in 1 Week! 1,Investigation reveals disturbing connections between powerful figures and secretive organizations...Investigation reveals disturbing connections between powerful figures and secretive organizations...Investigation reveals disturbing connections between powerful figures and secretive organizations...,0
209,Sports Team Wins Championship After Close Match - 56,The city council voted 7-2 in favor of the new infrastructure project during Tuesday's meeting. The project includes...The city council voted 7-2 in favor of the new infrastructure project during Tuesday's meeting. The project includes...,1
210,Shocking Truth: Government Hiding Alien Contact 53,Leaked documents reveal shocking information that governments worldwide have been hiding from the public for decades...Leaked documents reveal shocking information that governments worldwide have been hiding from the public for decades...Leaked documents reveal shocking information that governments worldwide have been hiding from the public for decades...,0
211,Museum Hosts Exhibition of Historical Artifacts - 53,"The company reported revenues of $X million for Q3, representing a Y% increase compared to the same period last year...The company reported revenues of $X million for Q3, representing a Y% increase compared to the same period last year...The company reported revenues of $X million for Q3, representing a Y% increase compared to the same period last year...The company reported revenues of $X million for Q3, representing a Y% increase compared to the same period last year...",1
212,WARNING: Your Phone is Spying on You Right Now! 9,Leaked documents reveal shocking information that governments worldwide have been hiding from the public for decades...Leaked documents reveal shocking information that governments worldwide have been hiding from the public for decades...Leaked documents reveal shocking information that governments worldwide have been hiding from the public for decades...Leaked documents reveal shocking information that governments worldwide have been hiding from the public for decades...,0
213,Sports Team Wins Championship After Close Match - 28,Researchers at the university published their findings in the Journal of Climate Science. The study examined...Researchers at the university published their findings in the Journal of Climate Science. The study examined...Researchers at the university published their findings in the Journal of Climate Science. The study examined...,1
214,Amazing: This One Trick Doctors Don't Want You to Know 68,"Financial experts warn of imminent collapse, but mainstream media refuses to report the truth...Financial experts warn of imminent collapse, but mainstream media refuses to report the truth...",0
215,Museum Hosts Exhibition of Historical Artifacts - 79,Researchers at the university published their findings in the Journal of Climate Science. The study examined...Researchers at the university published their findings in the Journal of Climate Science. The study examined...Researchers at the university published their findings in the Journal of Climate Science. The study examined...Researchers at the university published their findings in the Journal of Climate Science. The study examined...,1
216,BREAKING: Scientists Discover Cure for All Diseases! 13,Leaked documents reveal shocking information that governments worldwide have been hiding from the public for decades...Leaked documents reveal shocking information that governments worldwide have been hiding from the public for decades...Leaked documents reveal shocking information that governments worldwide have been hiding from the public for decades...,0
217,Company Announces Quarterly Earnings Report - 49,The city council voted 7-2 in favor of the new infrastructure project during Tuesday's meeting. The project includes...The city council voted 7-2 in favor of the new infrastructure project during Tuesday's meeting. The project includes...The city council voted 7-2 in favor of the new infrastructure project during Tuesday's meeting. The project includes...,1
218,BREAKING: Scientists Discover Cure for All Diseases! 100,Leaked documents reveal shocking information that governments worldwide have been hiding from the public for decades...Leaked documents reveal shocking information that governments worldwide have been hiding from the public for decades...,0
219,Sports Team Wins Championship After Close Match - 30,"The new community center, located on Main Street, opened its doors to residents this week. Facilities include...The new community center, located on Main Street, opened its doors to residents this week. Facilities include...The new community center, located on Main Street, opened its doors to residents this week. Facilities include...The new community center, located on Main Street, opened its doors to residents this week. Facilities include...",1
220,BREAKING: Scientists Discover Cure for All Diseases! 8,"Financial experts warn of imminent collapse, but mainstream media refuses to report the truth...Financial experts warn of imminent collapse, but mainstream media refuses to report the truth...",0
221,Sports Team Wins Championship After Close Match - 56,"The new community center, located on Main Street, opened its doors to residents this week. Facilities include...The new community center, located on Main Street, opened its doors to residents this week. Facilities include...The new community center, located on Main Street, opened its doors to residents this week. Facilities include...",1
222,URGENT: Banks Will Collapse Tomorrow! 7,Leaked documents reveal shocking information that governments worldwide have been hiding from the public for decades...Leaked documents reveal shocking information that governments worldwide have been hiding from the public for decades...Leaked documents reveal shocking information that governments worldwide have been hiding from the public for decades...,0
223,Research Team Publishes Study on Climate Patterns - 11,The city council voted 7-2 in favor of the new infrastructure project during Tuesday's meeting. The project includes...The city council voted 7-2 in favor of the new infrastructure project during Tuesday's meeting. The project includes...The city council voted 7-2 in favor of the new infrastructure project during Tuesday's meeting. The project includes...,1
224,URGENT: Banks Will Collapse Tomorrow! 61,Doctors are furious about this simple trick that has helped thousands lose weight without any effort or exercise...Doctors are furious about this simple trick that has helped thousands lose weight without any effort or exercise...,0
225,Company Announces Quarterly Earnings Report - 63,Scientists at the research institute have made significant progress in understanding cancer cell behavior. The team...Scientists at the research institute have made significant progress in understanding cancer cell behavior. The team...Scientists at the research institute have made significant progress in understanding cancer cell behavior. The team...Scientists at the research institute have made significant progress in understanding cancer cell behavior. The team...,1
226,Incredible: Free Money for Everyone Starting Next Week! 66,Investigation reveals disturbing connections between powerful figures and secretive organizations...Investigation reveals disturbing connections between powerful figures and secretive organizations...Investigation reveals disturbing connections between powerful figures and secretive organizations...,0
227,University Researchers Make Progress in Cancer Study - 60,"The new community center, located on Main Street, opened its doors to residents this week. Facilities include...The new community center, located on Main Street, opened its doors to residents this week. Facilities include...The new community center, located on Main Street, opened its doors to residents this week. Facilities include...The new community center, located on Main Street, opened its doors to residents this week. Facilities include...",1
228,WARNING: Your Phone is Spying on You Right Now! 45,Leaked documents reveal shocking information that governments worldwide have been hiding from the public for decades...Leaked documents reveal shocking information that governments worldwide have been hiding from the public for decades...Leaked documents reveal shocking information that governments worldwide have been hiding from the public for decades...,0
229,Government Releases Annual Budget Proposal - 24,The city council voted 7-2 in favor of the new infrastructure project during Tuesday's meeting. The project includes...The city council voted 7-2 in favor of the new infrastructure project during Tuesday's meeting. The project includes...,1
230,BREAKING: Scientists Discover Cure for All Diseases! 60,Leaked documents reveal shocking information that governments worldwide have been hiding from the public for decades...Leaked documents reveal shocking information that governments worldwide have been hiding from the public for decades...Leaked documents reveal shocking information that governments worldwide have been hiding from the public for decades...,0
231,Government Releases Annual Budget Proposal - 69,Researchers at the university published their findings in the Journal of Climate Science. The study examined...Researchers at the university published their findings in the Journal of Climate Science. The study examined...Researchers at the university published their findings in the Journal of Climate Science. The study examined...,1
232,BREAKING: Scientists Discover Cure for All Diseases! 96,Leaked documents reveal shocking information that governments worldwide have been hiding from the public for decades...Leaked documents reveal shocking information that governments worldwide have been hiding from the public for decades...,0
233,City Opens New Community Center for Residents - 45,"The new community center, located on Main Street, opened its doors to residents this week. Facilities include...The new community center, located on Main Street, opened its doors to residents this week. Facilities include...The new community center, located on Main Street, opened its doors to residents this week. Facilities include...The new community center, located on Main Street, opened its doors to residents this week. Facilities include...",1
234,Miracle Diet: Lose 50 Pounds in 1 Week! 3,Investigation reveals disturbing connections between powerful figures and secretive organizations...Investigation reveals disturbing connections between powerful figures and secretive organizations...Investigation reveals disturbing connections between powerful figures and secretive organizations...,0
235,Tech Company Launches Updated Software Version - 57,"The company reported revenues of $X million for Q3, representing a Y% increase compared to the same period last year...The company reported revenues of $X million for Q3, representing a Y% increase compared to the same period last year...The company reported revenues of $X million for Q3, representing a Y% increase compared to the same period last year...The company reported revenues of $X million for Q3, representing a Y% increase compared to the same period last year...",1
236,Amazing: This One Trick Doctors Don't Want You to Know 68,"According to unnamed sources, scientists have made an unprecedented discovery that will change everything we know about medicine...According to unnamed sources, scientists have made an unprecedented discovery that will change everything we know about medicine...According to unnamed sources, scientists have made an unprecedented discovery that will change everything we know about medicine...According to unnamed sources, scientists have made an unprecedented discovery that will change everything we know about medicine...",0
237,City Opens New Community Center for Residents - 7,Researchers at the university published their findings in the Journal of Climate Science. The study examined...Researchers at the university published their findings in the Journal of Climate Science. The study examined...Researchers at the university published their findings in the Journal of Climate Science. The study examined...Researchers at the university published their findings in the Journal of Climate Science. The study examined...,1
238,Shocking Truth: Government Hiding Alien Contact 31,"According to unnamed sources, scientists have made an unprecedented discovery that will change everything we know about medicine...According to unnamed sources, scientists have made an unprecedented discovery that will change everything we know about medicine...",0
239,Sports Team Wins Championship After Close Match - 93,"The company reported revenues of $X million for Q3, representing a Y% increase compared to the same period last year...The company reported revenues of $X million for Q3, representing a Y% increase compared to the same period last year...The company reported revenues of $X million for Q3, representing a Y% increase compared to the same period last year...The company reported revenues of $X million for Q3, representing a Y% increase compared to the same period last year...",1
240,Unbelievable: Man Lives to 200 Years Using This Method 28,Doctors are furious about this simple trick that has helped thousands lose weight without any effort or exercise...Doctors are furious about this simple trick that has helped thousands lose weight without any effort or exercise...Doctors are furious about this simple trick that has helped thousands lose weight without any effort or exercise...Doctors are furious about this simple trick that has helped thousands lose weight without any effort or exercise...,0
241,School District Implements New Education Program - 6,Scientists at the research institute have made significant progress in understanding cancer cell behavior. The team...Scientists at the research institute have made significant progress in understanding cancer cell behavior. The team...,1
242,URGENT: Banks Will Collapse Tomorrow! 17,Doctors are furious about this simple trick that has helped thousands lose weight without any effort or exercise...Doctors are furious about this simple trick that has helped thousands lose weight without any effort or exercise...Doctors are furious about this simple trick that has helped thousands lose weight without any effort or exercise...Doctors are furious about this simple trick that has helped thousands lose weight without any effort or exercise...,0
243,Local Council Approves New Infrastructure Project - 25,Scientists at the research institute have made significant progress in understanding cancer cell behavior. The team...Scientists at the research institute have made significant progress in understanding cancer cell behavior. The team...Scientists at the research institute have made significant progress in understanding cancer cell behavior. The team...,1
244,Miracle Diet: Lose 50 Pounds in 1 Week! 61,"According to unnamed sources, scientists have made an unprecedented discovery that will change everything we know about medicine...According to unnamed sources, scientists have made an unprecedented discovery that will change everything we know about medicine...According to unnamed sources, scientists have made an unprecedented discovery that will change everything we know about medicine...",0
245,City Opens New Community Center for Residents - 87,The city council voted 7-2 in favor of the new infrastructure project during Tuesday's meeting. The project includes...The city council voted 7-2 in favor of the new infrastructure project during Tuesday's meeting. The project includes...The city council voted 7-2 in favor of the new infrastructure project during Tuesday's meeting. The project includes...The city council voted 7-2 in favor of the new infrastructure project during Tuesday's meeting. The project includes...,1
246,Incredible: Free Money for Everyone Starting Next Week! 28,Leaked documents reveal shocking information that governments worldwide have been hiding from the public for decades...Leaked documents reveal shocking information that governments worldwide have been hiding from the public for decades...Leaked documents reveal shocking information that governments worldwide have been hiding from the public for decades...Leaked documents reveal shocking information that governments worldwide have been hiding from the public for decades...,0
247,Government Releases Annual Budget Proposal - 82,The city council voted 7-2 in favor of the new infrastructure project during Tuesday's meeting. The project includes...The city council voted 7-2 in favor of the new infrastructure project during Tuesday's meeting. The project includes...The city council voted 7-2 in favor of the new infrastructure project during Tuesday's meeting. The project includes...,1
248,Incredible: Free Money for Everyone Starting Next Week! 89,Leaked documents reveal shocking information that governments worldwide have been hiding from the public for decades...Leaked documents reveal shocking information that governments worldwide have been hiding from the public for decades...Leaked documents reveal shocking information that governments worldwide have been hiding from the public for decades...Leaked documents reveal shocking information that governments worldwide have been hiding from the public for decades...,0
249,Sports Team Wins Championship After Close Match - 47,Scientists at the research institute have made significant progress in understanding cancer cell behavior. The team...Scientists at the research institute have made significant progress in understanding cancer cell behavior. The team...Scientists at the research institute have made significant progress in understanding cancer cell behavior. The team...,1
250,Shocking Truth: Government Hiding Alien Contact 69,Doctors are furious about this simple trick that has helped thousands lose weight without any effort or exercise...Doctors are furious about this simple trick that has helped thousands lose weight without any effort or exercise...Doctors are furious about this simple trick that has helped thousands lose weight without any effort or exercise...,0
251,Sports Team Wins Championship After Close Match - 91,"The new community center, located on Main Street, opened its doors to residents this week. Facilities include...The new community center, located on Main Street, opened its doors to residents this week. Facilities include...",1
252,Shocking Truth: Government Hiding Alien Contact 81,Leaked documents reveal shocking information that governments worldwide have been hiding from the public for decades...Leaked documents reveal shocking information that governments worldwide have been hiding from the public for decades...,0
253,Company Announces Quarterly Earnings Report - 16,"The new community center, located on Main Street, opened its doors to residents this week. Facilities include...The new community center, located on Main Street, opened its doors to residents this week. Facilities include...The new community center, located on Main Street, opened its doors to residents this week. Facilities include...The new community center, located on Main Street, opened its doors to residents this week. Facilities include...",1
254,EXPOSED: The Real Truth Behind Recent Events 65,Leaked documents reveal shocking information that governments worldwide have been hiding from the public for decades...Leaked documents reveal shocking information that governments worldwide have been hiding from the public for decades...Leaked documents reveal shocking information that governments worldwide have been hiding from the public for decades...Leaked documents reveal shocking information that governments worldwide have been hiding from the public for decades...,0
255,Local Council Approves New Infrastructure Project - 64,"The company reported revenues of $X million for Q3, representing a Y% increase compared to the same period last year...The company reported revenues of $X million for Q3, representing a Y% increase compared to the same period last year...The company reported revenues of $X million for Q3, representing a Y% increase compared to the same period last year...",1
256,Incredible: Free Money for Everyone Starting Next Week! 26,"Financial experts warn of imminent collapse, but mainstream media refuses to report the truth...Financial experts warn of imminent collapse, but mainstream media refuses to report the truth...Financial experts warn of imminent collapse, but mainstream media refuses to report the truth...Financial experts warn of imminent collapse, but mainstream media refuses to report the truth...",0
257,Local Council Approves New Infrastructure Project - 89,"The company reported revenues of $X million for Q3, representing a Y% increase compared to the same period last year...The company reported revenues of $X million for Q3, representing a Y% increase compared to the same period last year...The company reported revenues of $X million for Q3, representing a Y% increase compared to the same period last year...",1
258,Celebrity Secretly Controls World Government 42,Leaked documents reveal shocking information that governments worldwide have been hiding from the public for decades...Leaked documents reveal shocking information that governments worldwide have been hiding from the public for decades...Leaked documents reveal shocking information that governments worldwide have been hiding from the public for decades...Leaked documents reveal shocking information that governments worldwide have been hiding from the public for decades...,0
259,Company Announces Quarterly Earnings Report - 15,Researchers at the university published their findings in the Journal of Climate Science. The study examined...Researchers at the university published their findings in the Journal of Climate Science. The study examined...Researchers at the university published their findings in the Journal of Climate Science. The study examined...Researchers at the university published their findings in the Journal of Climate Science. The study examined...,1
260,URGENT: Banks Will Collapse Tomorrow! 16,"Financial experts warn of imminent collapse, but mainstream media refuses to report the truth...Financial experts warn of imminent collapse, but mainstream media refuses to report the truth...Financial experts warn of imminent collapse, but mainstream media refuses to report the truth...Financial experts warn of imminent collapse, but mainstream media refuses to report the truth...",0
261,Museum Hosts Exhibition of Historical Artifacts - 62,The city council voted 7-2 in favor of the new infrastructure project during Tuesday's meeting. The project includes...The city council voted 7-2 in favor of the new infrastructure project during Tuesday's meeting. The project includes...,1
262,Miracle Diet: Lose 50 Pounds in 1 Week! 57,"Financial experts warn of imminent collapse, but mainstream media refuses to report the truth...Financial experts warn of imminent collapse, but mainstream media refuses to report the truth...",0
263,City Opens New Community Center for Residents - 76,"The company reported revenues of $X million for Q3, representing a Y% increase compared to the same period last year...The company reported revenues of $X million for Q3, representing a Y% increase compared to the same period last year...The company reported revenues of $X million for Q3, representing a Y% increase compared to the same period last year...The company reported revenues of $X million for Q3, representing a Y% increase compared to the same period last year...",1
264,Celebrity Secretly Controls World Government 30,Investigation reveals disturbing connections between powerful figures and secretive organizations...Investigation reveals disturbing connections between powerful figures and secretive organizations...Investigation reveals disturbing connections between powerful figures and secretive organizations...Investigation reveals disturbing connections between powerful figures and secretive organizations...,0
265,Local Council Approves New Infrastructure Project - 41,The city council voted 7-2 in favor of the new infrastructure project during Tuesday's meeting. The project includes...The city council voted 7-2 in favor of the new infrastructure project during Tuesday's meeting. The project includes...The city council voted 7-2 in favor of the new infrastructure project during Tuesday's meeting. The project includes...,1
266,Unbelievable: Man Lives to 200 Years Using This Method 72,"According to unnamed sources, scientists have made an unprecedented discovery that will change everything we know about medicine...According to unnamed sources, scientists have made an unprecedented discovery that will change everything we know about medicine...According to unnamed sources, scientists have made an unprecedented discovery that will change everything we know about medicine...According to unnamed sources, scientists have made an unprecedented discovery that will change everything we know about medicine...",0
267,Tech Company Launches Updated Software Version - 55,Scientists at the research institute have made significant progress in understanding cancer cell behavior. The team...Scientists at the research institute have made significant progress in understanding cancer cell behavior. The team...Scientists at the research institute have made significant progress in understanding cancer cell behavior. The team...,1
268,EXPOSED: The Real Truth Behind Recent Events 78,"Financial experts warn of imminent collapse, but mainstream media refuses to report the truth...Financial experts warn of imminent collapse, but mainstream media refuses to report the truth...",0
269,Company Announces Quarterly Earnings Report - 53,"The company reported revenues of $X million for Q3, representing a Y% increase compared to the same period last year...The company reported revenues of $X million for Q3, representing a Y% increase compared to the same period last year...",1
270,Unbelievable: Man Lives to 200 Years Using This Method 30,Doctors are furious about this simple trick that has helped thousands lose weight without any effort or exercise...Doctors are furious about this simple trick that has helped thousands lose weight without any effort or exercise...Doctors are furious about this simple trick that has helped thousands lose weight without any effort or exercise...Doctors are furious about this simple trick that has helped thousands lose weight without any effort or exercise...,0
271,Local Council Approves New Infrastructure Project - 47,Scientists at the research institute have made significant progress in understanding cancer cell behavior. The team...Scientists at the research institute have made significant progress in understanding cancer cell behavior. The team...Scientists at the research institute have made significant progress in understanding cancer cell behavior. The team...Scientists at the research institute have made significant progress in understanding cancer cell behavior. The team...,1
272,URGENT: Banks Will Collapse Tomorrow! 76,Investigation reveals disturbing connections between powerful figures and secretive organizations...Investigation reveals disturbing connections between powerful figures and secretive organizations...Investigation reveals disturbing connections between powerful figures and secretive organizations...Investigation reveals disturbing connections between powerful figures and secretive organizations...,0
273,City Opens New Community Center for Residents - 13,"The new community center, located on Main Street, opened its doors to residents this week. Facilities include...The new community center, located on Main Street, opened its doors to residents this week. Facilities include...The new community center, located on Main Street, opened its doors to residents this week. Facilities include...",1
274,Incredible: Free Money for Everyone Starting Next Week! 85,Investigation reveals disturbing connections between powerful figures and secretive organizations...Investigation reveals disturbing connections between powerful figures and secretive organizations...Investigation reveals disturbing connections between powerful figures and secretive organizations...Investigation reveals disturbing connections between powerful figures and secretive organizations...,0
275,Local Council Approves New Infrastructure Project - 4,"The company reported revenues of $X million for Q3, representing a Y% increase compared to the same period last year...The company reported revenues of $X million for Q3, representing a Y% increase compared to the same period last year...The company reported revenues of $X million for Q3, representing a Y% increase compared to the same period last year...",1
276,URGENT: Banks Will Collapse Tomorrow! 5,"According to unnamed sources, scientists have made an unprecedented discovery that will change everything we know about medicine...According to unnamed sources, scientists have made an unprecedented discovery that will change everything we know about medicine...",0
277,University Researchers Make Progress in Cancer Study - 10,The city council voted 7-2 in favor of the new infrastructure project during Tuesday's meeting. The project includes...The city council voted 7-2 in favor of the new infrastructure project during Tuesday's meeting. The project includes...The city council voted 7-2 in favor of the new infrastructure project during Tuesday's meeting. The project includes...,1
278,Amazing: This One Trick Doctors Don't Want You to Know 62,Investigation reveals disturbing connections between powerful figures and secretive organizations...Investigation reveals disturbing connections between powerful figures and secretive organizations...Investigation reveals disturbing connections between powerful figures and secretive organizations...,0
279,School District Implements New Education Program - 88,The city council voted 7-2 in favor of the new infrastructure project during Tuesday's meeting. The project includes...The city council voted 7-2 in favor of the new infrastructure project during Tuesday's meeting. The project includes...The city council voted 7-2 in favor of the new infrastructure project during Tuesday's meeting. The project includes...The city council voted 7-2 in favor of the new infrastructure project during Tuesday's meeting. The project includes...,1
280,Unbelievable: Man Lives to 200 Years Using This Method 87,Doctors are furious about this simple trick that has helped thousands lose weight without any effort or exercise...Doctors are furious about this simple trick that has helped thousands lose weight without any effort or exercise...Doctors are furious about this simple trick that has helped thousands lose weight without any effort or exercise...Doctors are furious about this simple trick that has helped thousands lose weight without any effort or exercise...,0
281,Sports Team Wins Championship After Close Match - 29,The city council voted 7-2 in favor of the new infrastructure project during Tuesday's meeting. The project includes...The city council voted 7-2 in favor of the new infrastructure project during Tuesday's meeting. The project includes...,1
282,Unbelievable: Man Lives to 200 Years Using This Method 8,Doctors are furious about this simple trick that has helped thousands lose weight without any effort or exercise...Doctors are furious about this simple trick that has helped thousands lose weight without any effort or exercise...Doctors are furious about this simple trick that has helped thousands lose weight without any effort or exercise...Doctors are furious about this simple trick that has helped thousands lose weight without any effort or exercise...,0
283,Local Council Approves New Infrastructure Project - 15,Researchers at the university published their findings in the Journal of Climate Science. The study examined...Researchers at the university published their findings in the Journal of Climate Science. The study examined...Researchers at the university published their findings in the Journal of Climate Science. The study examined...,1
284,Unbelievable: Man Lives to 200 Years Using This Method 66,Doctors are furious about this simple trick that has helped thousands lose weight without any effort or exercise...Doctors are furious about this simple trick that has helped thousands lose weight without any effort or exercise...Doctors are furious about this simple trick that has helped thousands lose weight without any effort or exercise...,0
285,Museum Hosts Exhibition of Historical Artifacts - 89,Researchers at the university published their findings in the Journal of Climate Science. The study examined...Researchers at the university published their findings in the Journal of Climate Science. The study examined...Researchers at the university published their findings in the Journal of Climate Science. The study examined...Researchers at the university published their findings in the Journal of Climate Science. The study examined...,1
286,EXPOSED: The Real Truth Behind Recent Events 95,"Financial experts warn of imminent collapse, but mainstream media refuses to report the truth...Financial experts warn of imminent collapse, but mainstream media refuses to report the truth...Financial experts warn of imminent collapse, but mainstream media refuses to report the truth...",0
287,Research Team Publishes Study on Climate Patterns - 73,"The company reported revenues of $X million for Q3, representing a Y% increase compared to the same period last year...The company reported revenues of $X million for Q3, representing a Y% increase compared to the same period last year...The company reported revenues of $X million for Q3, representing a Y% increase compared to the same period last year...",1
288,URGENT: Banks Will Collapse Tomorrow! 63,"Financial experts warn of imminent collapse, but mainstream media refuses to report the truth...Financial experts warn of imminent collapse, but mainstream media refuses to report the truth...",0
289,Tech Company Launches Updated Software Version - 13,Researchers at the university published their findings in the Journal of Climate Science. The study examined...Researchers at the university published their findings in the Journal of Climate Science. The study examined...,1
290,Amazing: This One Trick Doctors Don't Want You to Know 35,Doctors are furious about this simple trick that has helped thousands lose weight without any effort or exercise...Doctors are furious about this simple trick that has helped thousands lose weight without any effort or exercise...Doctors are furious about this simple trick that has helped thousands lose weight without any effort or exercise...Doctors are furious about this simple trick that has helped thousands lose weight without any effort or exercise...,0
291,Sports Team Wins Championship After Close Match - 28,Scientists at the research institute have made significant progress in understanding cancer cell behavior. The team...Scientists at the research institute have made significant progress in understanding cancer cell behavior. The team...Scientists at the research institute have made significant progress in understanding cancer cell behavior. The team...,1
292,URGENT: Banks Will Collapse Tomorrow! 96,Leaked documents reveal shocking information that governments worldwide have been hiding from the public for decades...Leaked documents reveal shocking information that governments worldwide have been hiding from the public for decades...Leaked documents reveal shocking information that governments worldwide have been hiding from the public for decades...,0
293,Tech Company Launches Updated Software Version - 36,"The new community center, located on Main Street, opened its doors to residents this week. Facilities include...The new community center, located on Main Street, opened its doors to residents this week. Facilities include...The new community center, located on Main Street, opened its doors to residents this week. Facilities include...The new community center, located on Main Street, opened its doors to residents this week. Facilities include...",1
294,BREAKING: Scientists Discover Cure for All Diseases! 94,Investigation reveals disturbing connections between powerful figures and secretive organizations...Investigation reveals disturbing connections between powerful figures and secretive organizations...,0
295,Government Releases Annual Budget Proposal - 75,"The company reported revenues of $X million for Q3, representing a Y% increase compared to the same period last year...The company reported revenues of $X million for Q3, representing a Y% increase compared to the same period last year...The company reported revenues of $X million for Q3, representing a Y% increase compared to the same period last year...The company reported revenues of $X million for Q3, representing a Y% increase compared to the same period last year...",1
296,Celebrity Secretly Controls World Government 77,"Financial experts warn of imminent collapse, but mainstream media refuses to report the truth...Financial experts warn of imminent collapse, but mainstream media refuses to report the truth...",0
297,Company Announces Quarterly Earnings Report - 22,"The new community center, located on Main Street, opened its doors to residents this week. Facilities include...The new community center, located on Main Street, opened its doors to residents this week. Facilities include...The new community center, located on Main Street, opened its doors to residents this week. Facilities include...The new community center, located on Main Street, opened its doors to residents this week. Facilities include...",1
298,Celebrity Secretly Controls World Government 65,"Financial experts warn of imminent collapse, but mainstream media refuses to report the truth...Financial experts warn of imminent collapse, but mainstream media refuses to report the truth...",0
299,Research Team Publishes Study on Climate Patterns - 55,The city council voted 7-2 in favor of the new infrastructure project during Tuesday's meeting. The project includes...The city council voted 7-2 in favor of the new infrastructure project during Tuesday's meeting. The project includes...,1
300,Celebrity Secretly Controls World Government 12,"Financial experts warn of imminent collapse, but mainstream media refuses to report the truth...Financial experts warn of imminent collapse, but mainstream media refuses to report the truth...Financial experts warn of imminent collapse, but mainstream media refuses to report the truth...Financial experts warn of imminent collapse, but mainstream media refuses to report the truth...",0
301,Sports Team Wins Championship After Close Match - 63,"The new community center, located on Main Street, opened its doors to residents this week. Facilities include...The new community center, located on Main Street, opened its doors to residents this week. Facilities include...The new community center, located on Main Street, opened its doors to residents this week. Facilities include...",1
302,WARNING: Your Phone is Spying on You Right Now! 43,"Financial experts warn of imminent collapse, but mainstream media refuses to report the truth...Financial experts warn of imminent collapse, but mainstream media refuses to report the truth...Financial experts warn of imminent collapse, but mainstream media refuses to report the truth...",0
303,City Opens New Community Center for Residents - 23,"The company reported revenues of $X million for Q3, representing a Y% increase compared to the same period last year...The company reported revenues of $X million for Q3, representing a Y% increase compared to the same period last year...The company reported revenues of $X million for Q3, representing a Y% increase compared to the same period last year...",1
304,Miracle Diet: Lose 50 Pounds in 1 Week! 84,"According to unnamed sources, scientists have made an unprecedented discovery that will change everything we know about medicine...According to unnamed sources, scientists have made an unprecedented discovery that will change everything we know about medicine...According to unnamed sources, scientists have made an unprecedented discovery that will change everything we know about medicine...",0
305,Government Releases Annual Budget Proposal - 60,"The new community center, located on Main Street, opened its doors to residents this week. Facilities include...The new community center, located on Main Street, opened its doors to residents this week. Facilities include...",1
306,Incredible: Free Money for Everyone Starting Next Week! 42,Investigation reveals disturbing connections between powerful figures and secretive organizations...Investigation reveals disturbing connections between powerful figures and secretive organizations...,0
307,Local Council Approves New Infrastructure Project - 43,The city council voted 7-2 in favor of the new infrastructure project during Tuesday's meeting. The project includes...The city council voted 7-2 in favor of the new infrastructure project during Tuesday's meeting. The project includes...The city council voted 7-2 in favor of the new infrastructure project during Tuesday's meeting. The project includes...The city council voted 7-2 in favor of the new infrastructure project during Tuesday's meeting. The project includes...,1
308,URGENT: Banks Will Collapse Tomorrow! 20,Leaked documents reveal shocking information that governments worldwide have been hiding from the public for decades...Leaked documents reveal shocking information that governments worldwide have been hiding from the public for decades...Leaked documents reveal shocking information that governments worldwide have been hiding from the public for decades...,0
309,Company Announces Quarterly Earnings Report - 92,"The company reported revenues of $X million for Q3, representing a Y% increase compared to the same period last year...The company reported revenues of $X million for Q3, representing a Y% increase compared to the same period last year...The company reported revenues of $X million for Q3, representing a Y% increase compared to the same period last year...",1
310,Celebrity Secretly Controls World Government 20,Leaked documents reveal shocking information that governments worldwide have been hiding from the public for decades...Leaked documents reveal shocking information that governments worldwide have been hiding from the public for decades...Leaked documents reveal shocking information that governments worldwide have been hiding from the public for decades...,0
311,Local Council Approves New Infrastructure Project - 54,"The new community center, located on Main Street, opened its doors to residents this week. Facilities include...The new community center, located on Main Street, opened its doors to residents this week. Facilities include...",1
312,Incredible: Free Money for Everyone Starting Next Week! 95,Leaked documents reveal shocking information that governments worldwide have been hiding from the public for decades...Leaked documents reveal shocking information that governments worldwide have been hiding from the public for decades...,0
313,Tech Company Launches Updated Software Version - 28,"The company reported revenues of $X million for Q3, representing a Y% increase compared to the same period last year...The company reported revenues of $X million for Q3, representing a Y% increase compared to the same period last year...",1
314,Unbelievable: Man Lives to 200 Years Using This Method 71,Investigation reveals disturbing connections between powerful figures and secretive organizations...Investigation reveals disturbing connections between powerful figures and secretive organizations...Investigation reveals disturbing connections between powerful figures and secretive organizations...,0
315,University Researchers Make Progress in Cancer Study - 62,"The company reported revenues of $X million for Q3, representing a Y% increase compared to the same period last year...The company reported revenues of $X million for Q3, representing a Y% increase compared to the same period last year...The company reported revenues of $X million for Q3, representing a Y% increase compared to the same period last year...",1
316,WARNING: Your Phone is Spying on You Right Now! 28,Investigation reveals disturbing connections between powerful figures and secretive organizations...Investigation reveals disturbing connections between powerful figures and secretive organizations...,0
317,Research Team Publishes Study on Climate Patterns - 89,"The company reported revenues of $X million for Q3, representing a Y% increase compared to the same period last year...The company reported revenues of $X million for Q3, representing a Y% increase compared to the same period last year...The company reported revenues of $X million for Q3, representing a Y% increase compared to the same period last year...The company reported revenues of $X million for Q3, representing a Y% increase compared to the same period last year...",1
318,Miracle Diet: Lose 50 Pounds in 1 Week! 83,Leaked documents reveal shocking information that governments worldwide have been hiding from the public for decades...Leaked documents reveal shocking information that governments worldwide have been hiding from the public for decades...Leaked documents reveal shocking information that governments worldwide have been hiding from the public for decades...,0
319,School District Implements New Education Program - 43,Scientists at the research institute have made significant progress in understanding cancer cell behavior. The team...Scientists at the research institute have made significant progress in understanding cancer cell behavior. The team...,1
320,URGENT: Banks Will Collapse Tomorrow! 7,Doctors are furious about this simple trick that has helped thousands lose weight without any effort or exercise...Doctors are furious about this simple trick that has helped thousands lose weight without any effort or exercise...Doctors are furious about this simple trick that has helped thousands lose weight without any effort or exercise...Doctors are furious about this simple trick that has helped thousands lose weight without any effort or exercise...,0
321,Government Releases Annual Budget Proposal - 29,The city council voted 7-2 in favor of the new infrastructure project during Tuesday's meeting. The project includes...The city council voted 7-2 in favor of the new infrastructure project during Tuesday's meeting. The project includes...The city council voted 7-2 in favor of the new infrastructure project during Tuesday's meeting. The project includes...The city council voted 7-2 in favor of the new infrastructure project during Tuesday's meeting. The project includes...,1
322,Celebrity Secretly Controls World Government 14,"According to unnamed sources, scientists have made an unprecedented discovery that will change everything we know about medicine...According to unnamed sources, scientists have made an unprecedented discovery that will change everything we know about medicine...According to unnamed sources, scientists have made an unprecedented discovery that will change everything we know about medicine...According to unnamed sources, scientists have made an unprecedented discovery that will change everything we know about medicine...",0
323,School District Implements New Education Program - 40,The city council voted 7-2 in favor of the new infrastructure project during Tuesday's meeting. The project includes...The city council voted 7-2 in favor of the new infrastructure project during Tuesday's meeting. The project includes...The city council voted 7-2 in favor of the new infrastructure project during Tuesday's meeting. The project includes...The city council voted 7-2 in favor of the new infrastructure project during Tuesday's meeting. The project includes...,1
324,BREAKING: Scientists Discover Cure for All Diseases! 41,"According to unnamed sources, scientists have made an unprecedented discovery that will change everything we know about medicine...According to unnamed sources, scientists have made an unprecedented discovery that will change everything we know about medicine...",0
325,Government Releases Annual Budget Proposal - 14,Researchers at the university published their findings in the Journal of Climate Science. The study examined...Researchers at the university published their findings in the Journal of Climate Science. The study examined...Researchers at the university published their findings in the Journal of Climate Science. The study examined...Researchers at the university published their findings in the Journal of Climate Science. The study examined...,1
326,Incredible: Free Money for Everyone Starting Next Week! 26,Doctors are furious about this simple trick that has helped thousands lose weight without any effort or exercise...Doctors are furious about this simple trick that has helped thousands lose weight without any effort or exercise...,0
327,Government Releases Annual Budget Proposal - 14,Scientists at the research institute have made significant progress in understanding cancer cell behavior. The team...Scientists at the research institute have made significant progress in understanding cancer cell behavior. The team...,1
328,WARNING: Your Phone is Spying on You Right Now! 4,Investigation reveals disturbing connections between powerful figures and secretive organizations...Investigation reveals disturbing connections between powerful figures and secretive organizations...Investigation reveals disturbing connections between powerful figures and secretive organizations...Investigation reveals disturbing connections between powerful figures and secretive organizations...,0
329,Local Council Approves New Infrastructure Project - 19,The city council voted 7-2 in favor of the new infrastructure project during Tuesday's meeting. The project includes...The city council voted 7-2 in favor of the new infrastructure project during Tuesday's meeting. The project includes...The city council voted 7-2 in favor of the new infrastructure project during Tuesday's meeting. The project includes...The city council voted 7-2 in favor of the new infrastructure project during Tuesday's meeting. The project includes...,1
330,Miracle Diet: Lose 50 Pounds in 1 Week! 30,"Financial experts warn of imminent collapse, but mainstream media refuses to report the truth...Financial experts warn of imminent collapse, but mainstream media refuses to report the truth...Financial experts warn of imminent collapse, but mainstream media refuses to report the truth...",0
331,School District Implements New Education Program - 61,"The company reported revenues of $X million for Q3, representing a Y% increase compared to the same period last year...The company reported revenues of $X million for Q3, representing a Y% increase compared to the same period last year...",1
332,Amazing: This One Trick Doctors Don't Want You to Know 88,Doctors are furious about this simple trick that has helped thousands lose weight without any effort or exercise...Doctors are furious about this simple trick that has helped thousands lose weight without any effort or exercise...,0
333,Research Team Publishes Study on Climate Patterns - 71,Scientists at the research institute have made significant progress in understanding cancer cell behavior. The team...Scientists at the research institute have made significant progress in understanding cancer cell behavior. The team...Scientists at the research institute have made significant progress in understanding cancer cell behavior. The team...Scientists at the research institute have made significant progress in understanding cancer cell behavior. The team...,1
334,BREAKING: Scientists Discover Cure for All Diseases! 6,Doctors are furious about this simple trick that has helped thousands lose weight without any effort or exercise...Doctors are furious about this simple trick that has helped thousands lose weight without any effort or exercise...,0
335,School District Implements New Education Program - 37,"The company reported revenues of $X million for Q3, representing a Y% increase compared to the same period last year...The company reported revenues of $X million for Q3, representing a Y% increase compared to the same period last year...",1
336,Amazing: This One Trick Doctors Don't Want You to Know 66,"Financial experts warn of imminent collapse, but mainstream media refuses to report the truth...Financial experts warn of imminent collapse, but mainstream media refuses to report the truth...Financial experts warn of imminent collapse, but mainstream media refuses to report the truth...",0
337,City Opens New Community Center for Residents - 82,Researchers at the university published their findings in the Journal of Climate Science. The study examined...Researchers at the university published their findings in the Journal of Climate Science. The study examined...Researchers at the university published their findings in the Journal of Climate Science. The study examined...Researchers at the university published their findings in the Journal of Climate Science. The study examined...,1
338,Incredible: Free Money for Everyone Starting Next Week! 70,Investigation reveals disturbing connections between powerful figures and secretive organizations...Investigation reveals disturbing connections between powerful figures and secretive organizations...Investigation reveals disturbing connections between powerful figures and secretive organizations...Investigation reveals disturbing connections between powerful figures and secretive organizations...,0
339,Company Announces Quarterly Earnings Report - 46,The city council voted 7-2 in favor of the new infrastructure project during Tuesday's meeting. The project includes...The city council voted 7-2 in favor of the new infrastructure project during Tuesday's meeting. The project includes...The city council voted 7-2 in favor of the new infrastructure project during Tuesday's meeting. The project includes...The city council voted 7-2 in favor of the new infrastructure project during Tuesday's meeting. The project includes...,1
340,Miracle Diet: Lose 50 Pounds in 1 Week! 54,"According to unnamed sources, scientists have made an unprecedented discovery that will change everything we know about medicine...According to unnamed sources, scientists have made an unprecedented discovery that will change everything we know about medicine...According to unnamed sources, scientists have made an unprecedented discovery that will change everything we know about medicine...",0
341,City Opens New Community Center for Residents - 23,Researchers at the university published their findings in the Journal of Climate Science. The study examined...Researchers at the university published their findings in the Journal of Climate Science. The study examined...Researchers at the university published their findings in the Journal of Climate Science. The study examined...Researchers at the university published their findings in the Journal of Climate Science. The study examined...,1
342,Celebrity Secretly Controls World Government 26,Investigation reveals disturbing connections between powerful figures and secretive organizations...Investigation reveals disturbing connections between powerful figures and secretive organizations...Investigation reveals disturbing connections between powerful figures and secretive organizations...Investigation reveals disturbing connections between powerful figures and secretive organizations...,0
343,Museum Hosts Exhibition of Historical Artifacts - 21,"The new community center, located on Main Street, opened its doors to residents this week. Facilities include...The new community center, located on Main Street, opened its doors to residents this week. Facilities include...The new community center, located on Main Street, opened its doors to residents this week. Facilities include...The new community center, located on Main Street, opened its doors to residents this week. Facilities include...",1
344,WARNING: Your Phone is Spying on You Right Now! 77,"According to unnamed sources, scientists have made an unprecedented discovery that will change everything we know about medicine...According to unnamed sources, scientists have made an unprecedented discovery that will change everything we know about medicine...According to unnamed sources, scientists have made an unprecedented discovery that will change everything we know about medicine...According to unnamed sources, scientists have made an unprecedented discovery that will change everything we know about medicine...",0
345,Government Releases Annual Budget Proposal - 30,"The new community center, located on Main Street, opened its doors to residents this week. Facilities include...The new community center, located on Main Street, opened its doors to residents this week. Facilities include...",1
346,Incredible: Free Money for Everyone Starting Next Week! 75,Leaked documents reveal shocking information that governments worldwide have been hiding from the public for decades...Leaked documents reveal shocking information that governments worldwide have been hiding from the public for decades...Leaked documents reveal shocking information that governments worldwide have been hiding from the public for decades...Leaked documents reveal shocking information that governments worldwide have been hiding from the public for decades...,0
347,Company Announces Quarterly Earnings Report - 28,"The company reported revenues of $X million for Q3, representing a Y% increase compared to the same period last year...The company reported revenues of $X million for Q3, representing a Y% increase compared to the same period last year...The company reported revenues of $X million for Q3, representing a Y% increase compared to the same period last year...",1
348,WARNING: Your Phone is Spying on You Right Now! 38,Investigation reveals disturbing connections between powerful figures and secretive organizations...Investigation reveals disturbing connections between powerful figures and secretive organizations...Investigation reveals disturbing connections between powerful figures and secretive organizations...,0
349,Government Releases Annual Budget Proposal - 10,"The new community center, located on Main Street, opened its doors to residents this week. Facilities include...The new community center, located on Main Street, opened its doors to residents this week. Facilities include...The new community center, located on Main Street, opened its doors to residents this week. Facilities include...The new community center, located on Main Street, opened its doors to residents this week. Facilities include...",1
350,Celebrity Secretly Controls World Government 43,"According to unnamed sources, scientists have made an unprecedented discovery that will change everything we know about medicine...According to unnamed sources, scientists have made an unprecedented discovery that will change everything we know about medicine...According to unnamed sources, scientists have made an unprecedented discovery that will change everything we know about medicine...According to unnamed sources, scientists have made an unprecedented discovery that will change everything we know about medicine...",0
351,Research Team Publishes Study on Climate Patterns - 31,"The new community center, located on Main Street, opened its doors to residents this week. Facilities include...The new community center, located on Main Street, opened its doors to residents this week. Facilities include...",1
352,Unbelievable: Man Lives to 200 Years Using This Method 70,Leaked documents reveal shocking information that governments worldwide have been hiding from the public for decades...Leaked documents reveal shocking information that governments worldwide have been hiding from the public for decades...,0
353,Government Releases Annual Budget Proposal - 47,"The new community center, located on Main Street, opened its doors to residents this week. Facilities include...The new community center, located on Main Street, opened its doors to residents this week. Facilities include...",1
354,Unbelievable: Man Lives to 200 Years Using This Method 4,"According to unnamed sources, scientists have made an unprecedented discovery that will change everything we know about medicine...According to unnamed sources, scientists have made an unprecedented discovery that will change everything we know about medicine...According to unnamed sources, scientists have made an unprecedented discovery that will change everything we know about medicine...",0
355,School District Implements New Education Program - 17,The city council voted 7-2 in favor of the new infrastructure project during Tuesday's meeting. The project includes...The city council voted 7-2 in favor of the new infrastructure project during Tuesday's meeting. The project includes...,1
356,Incredible: Free Money for Everyone Starting Next Week! 40,Investigation reveals disturbing connections between powerful figures and secretive organizations...Investigation reveals disturbing connections between powerful figures and secretive organizations...,0
357,University Researchers Make Progress in Cancer Study - 45,Scientists at the research institute have made significant progress in understanding cancer cell behavior. The team...Scientists at the research institute have made significant progress in understanding cancer cell behavior. The team...Scientists at the research institute have made significant progress in understanding cancer cell behavior. The team...Scientists at the research institute have made significant progress in understanding cancer cell behavior. The team...,1
358,Unbelievable: Man Lives to 200 Years Using This Method 95,"According to unnamed sources, scientists have made an unprecedented discovery that will change everything we know about medicine...According to unnamed sources, scientists have made an unprecedented discovery that will change everything we know about medicine...According to unnamed sources, scientists have made an unprecedented discovery that will change everything we know about medicine...",0
359,Sports Team Wins Championship After Close Match - 86,Researchers at the university published their findings in the Journal of Climate Science. The study examined...Researchers at the university published their findings in the Journal of Climate Science. The study examined...,1
360,WARNING: Your Phone is Spying on You Right Now! 12,"Financial experts warn of imminent collapse, but mainstream media refuses to report the truth...Financial experts warn of imminent collapse, but mainstream media refuses to report the truth...Financial experts warn of imminent collapse, but mainstream media refuses to report the truth...",0
361,Company Announces Quarterly Earnings Report - 32,"The new community center, located on Main Street, opened its doors to residents this week. Facilities include...The new community center, located on Main Street, opened its doors to residents this week. Facilities include...",1
362,URGENT: Banks Will Collapse Tomorrow! 56,Investigation reveals disturbing connections between powerful figures and secretive organizations...Investigation reveals disturbing connections between powerful figures and secretive organizations...Investigation reveals disturbing connections between powerful figures and secretive organizations...Investigation reveals disturbing connections between powerful figures and secretive organizations...,0
363,University Researchers Make Progress in Cancer Study - 100,The city council voted 7-2 in favor of the new infrastructure project during Tuesday's meeting. The project includes...The city council voted 7-2 in favor of the new infrastructure project during Tuesday's meeting. The project includes...The city council voted 7-2 in favor of the new infrastructure project during Tuesday's meeting. The project includes...The city council voted 7-2 in favor of the new infrastructure project during Tuesday's meeting. The project includes...,1
364,Incredible: Free Money for Everyone Starting Next Week! 5,Doctors are furious about this simple trick that has helped thousands lose weight without any effort or exercise...Doctors are furious about this simple trick that has helped thousands lose weight without any effort or exercise...,0
365,Tech Company Launches Updated Software Version - 81,The city council voted 7-2 in favor of the new infrastructure project during Tuesday's meeting. The project includes...The city council voted 7-2 in favor of the new infrastructure project during Tuesday's meeting. The project includes...The city council voted 7-2 in favor of the new infrastructure project during Tuesday's meeting. The project includes...The city council voted 7-2 in favor of the new infrastructure project during Tuesday's meeting. The project includes...,1
366,Incredible: Free Money for Everyone Starting Next Week! 9,"According to unnamed sources, scientists have made an unprecedented discovery that will change everything we know about medicine...According to unnamed sources, scientists have made an unprecedented discovery that will change everything we know about medicine...",0
367,City Opens New Community Center for Residents - 14,Researchers at the university published their findings in the Journal of Climate Science. The study examined...Researchers at the university published their findings in the Journal of Climate Science. The study examined...,1
368,BREAKING: Scientists Discover Cure for All Diseases! 43,Leaked documents reveal shocking information that governments worldwide have been hiding from the public for decades...Leaked documents reveal shocking information that governments worldwide have been hiding from the public for decades...Leaked documents reveal shocking information that governments worldwide have been hiding from the public for decades...Leaked documents reveal shocking information that governments worldwide have been hiding from the public for decades...,0
369,Local Council Approves New Infrastructure Project - 37,"The new community center, located on Main Street, opened its doors to residents this week. Facilities include...The new community center, located on Main Street, opened its doors to residents this week. Facilities include...The new community center, located on Main Street, opened its doors to residents this week. Facilities include...The new community center, located on Main Street, opened its doors to residents this week. Facilities include...",1
370,Unbelievable: Man Lives to 200 Years Using This Method 27,"Financial experts warn of imminent collapse, but mainstream media refuses to report the truth...Financial experts warn of imminent collapse, but mainstream media refuses to report the truth...Financial experts warn of imminent collapse, but mainstream media refuses to report the truth...",0
371,Government Releases Annual Budget Proposal - 9,Researchers at the university published their findings in the Journal of Climate Science. The study examined...Researchers at the university published their findings in the Journal of Climate Science. The study examined...Researchers at the university published their findings in the Journal of Climate Science. The study examined...,1
372,WARNING: Your Phone is Spying on You Right Now! 79,Leaked documents reveal shocking information that governments worldwide have been hiding from the public for decades...Leaked documents reveal shocking information that governments worldwide have been hiding from the public for decades...Leaked documents reveal shocking information that governments worldwide have been hiding from the public for decades...,0
373,City Opens New Community Center for Residents - 18,Researchers at the university published their findings in the Journal of Climate Science. The study examined...Researchers at the university published their findings in the Journal of Climate Science. The study examined...,1
374,WARNING: Your Phone is Spying on You Right Now! 58,Leaked documents reveal shocking information that governments worldwide have been hiding from the public for decades...Leaked documents reveal shocking information that governments worldwide have been hiding from the public for decades...Leaked documents reveal shocking information that governments worldwide have been hiding from the public for decades...Leaked documents reveal shocking information that governments worldwide have been hiding from the public for decades...,0
375,Sports Team Wins Championship After Close Match - 79,"The company reported revenues of $X million for Q3, representing a Y% increase compared to the same period last year...The company reported revenues of $X million for Q3, representing a Y% increase compared to the same period last year...",1
376,BREAKING: Scientists Discover Cure for All Diseases! 1,"According to unnamed sources, scientists have made an unprecedented discovery that will change everything we know about medicine...According to unnamed sources, scientists have made an unprecedented discovery that will change everything we know about medicine...",0
377,Company Announces Quarterly Earnings Report - 12,Scientists at the research institute have made significant progress in understanding cancer cell behavior. The team...Scientists at the research institute have made significant progress in understanding cancer cell behavior. The team...,1
378,URGENT: Banks Will Collapse Tomorrow! 9,Doctors are furious about this simple trick that has helped thousands lose weight without any effort or exercise...Doctors are furious about this simple trick that has helped thousands lose weight without any effort or exercise...Doctors are furious about this simple trick that has helped thousands lose weight without any effort or exercise...,0
379,Government Releases Annual Budget Proposal - 90,"The new community center, located on Main Street, opened its doors to residents this week. Facilities include...The new community center, located on Main Street, opened its doors to residents this week. Facilities include...The new community center, located on Main Street, opened its doors to residents this week. Facilities include...The new community center, located on Main Street, opened its doors to residents this week. Facilities include...",1
380,URGENT: Banks Will Collapse Tomorrow! 51,"According to unnamed sources, scientists have made an unprecedented discovery that will change everything we know about medicine...According to unnamed sources, scientists have made an unprecedented discovery that will change everything we know about medicine...According to unnamed sources, scientists have made an unprecedented discovery that will change everything we know about medicine...According to unnamed sources, scientists have made an unprecedented discovery that will change everything we know about medicine...",0
381,School District Implements New Education Program - 68,"The company reported revenues of $X million for Q3, representing a Y% increase compared to the same period last year...The company reported revenues of $X million for Q3, representing a Y% increase compared to the same period last year...The company reported revenues of $X million for Q3, representing a Y% increase compared to the same period last year...",1
382,URGENT: Banks Will Collapse Tomorrow! 22,Investigation reveals disturbing connections between powerful figures and secretive organizations...Investigation reveals disturbing connections between powerful figures and secretive organizations...Investigation reveals disturbing connections between powerful figures and secretive organizations...Investigation reveals disturbing connections between powerful figures and secretive organizations...,0
383,Research Team Publishes Study on Climate Patterns - 24,"The company reported revenues of $X million for Q3, representing a Y% increase compared to the same period last year...The company reported revenues of $X million for Q3, representing a Y% increase compared to the same period last year...",1
384,BREAKING: Scientists Discover Cure for All Diseases! 61,Investigation reveals disturbing connections between powerful figures and secretive organizations...Investigation reveals disturbing connections between powerful figures and secretive organizations...Investigation reveals disturbing connections between powerful figures and secretive organizations...,0
385,Sports Team Wins Championship After Close Match - 60,"The new community center, located on Main Street, opened its doors to residents this week. Facilities include...The new community center, located on Main Street, opened its doors to residents this week. Facilities include...The new community center, located on Main Street, opened its doors to residents this week. Facilities include...The new community center, located on Main Street, opened its doors to residents this week. Facilities include...",1
386,URGENT: Banks Will Collapse Tomorrow! 68,"Financial experts warn of imminent collapse, but mainstream media refuses to report the truth...Financial experts warn of imminent collapse, but mainstream media refuses to report the truth...Financial experts warn of imminent collapse, but mainstream media refuses to report the truth...Financial experts warn of imminent collapse, but mainstream media refuses to report the truth...",0
387,Museum Hosts Exhibition of Historical Artifacts - 50,"The company reported revenues of $X million for Q3, representing a Y% increase compared to the same period last year...The company reported revenues of $X million for Q3, representing a Y% increase compared to the same period last year...The company reported revenues of $X million for Q3, representing a Y% increase compared to the same period last year...",1
388,BREAKING: Scientists Discover Cure for All Diseases! 29,Investigation reveals disturbing connections between powerful figures and secretive organizations...Investigation reveals disturbing connections between powerful figures and secretive organizations...Investigation reveals disturbing connections between powerful figures and secretive organizations...Investigation reveals disturbing connections between powerful figures and secretive organizations...,0
389,Government Releases Annual Budget Proposal - 45,"The company reported revenues of $X million for Q3, representing a Y% increase compared to the same period last year...The company reported revenues of $X million for Q3, representing a Y% increase compared to the same period last year...The company reported revenues of $X million for Q3, representing a Y% increase compared to the same period last year...The company reported revenues of $X million for Q3, representing a Y% increase compared to the same period last year...",1
390,Incredible: Free Money for Everyone Starting Next Week! 62,"Financial experts warn of imminent collapse, but mainstream media refuses to report the truth...Financial experts warn of imminent collapse, but mainstream media refuses to report the truth...",0
391,Sports Team Wins Championship After Close Match - 53,"The new community center, located on Main Street, opened its doors to residents this week. Facilities include...The new community center, located on Main Street, opened its doors to residents this week. Facilities include...The new community center, located on Main Street, opened its doors to residents this week. Facilities include...",1
392,Shocking Truth: Government Hiding Alien Contact 25,Doctors are furious about this simple trick that has helped thousands lose weight without any effort or exercise...Doctors are furious about this simple trick that has helped thousands lose weight without any effort or exercise...Doctors are furious about this simple trick that has helped thousands lose weight without any effort or exercise...Doctors are furious about this simple trick that has helped thousands lose weight without any effort or exercise...,0
393,School District Implements New Education Program - 43,"The company reported revenues of $X million for Q3, representing a Y% increase compared to the same period last year...The company reported revenues of $X million for Q3, representing a Y% increase compared to the same period last year...",1
394,Celebrity Secretly Controls World Government 35,"According to unnamed sources, scientists have made an unprecedented discovery that will change everything we know about medicine...According to unnamed sources, scientists have made an unprecedented discovery that will change everything we know about medicine...According to unnamed sources, scientists have made an unprecedented discovery that will change everything we know about medicine...",0
395,Company Announces Quarterly Earnings Report - 62,Scientists at the research institute have made significant progress in understanding cancer cell behavior. The team...Scientists at the research institute have made significant progress in understanding cancer cell behavior. The team...,1
396,Shocking Truth: Government Hiding Alien Contact 26,Doctors are furious about this simple trick that has helped thousands lose weight without any effort or exercise...Doctors are furious about this simple trick that has helped thousands lose weight without any effort or exercise...,0
397,Sports Team Wins Championship After Close Match - 80,Researchers at the university published their findings in the Journal of Climate Science. The study examined...Researchers at the university published their findings in the Journal of Climate Science. The study examined...Researchers at the university published their findings in the Journal of Climate Science. The study examined...Researchers at the university published their findings in the Journal of Climate Science. The study examined...,1
398,Shocking Truth: Government Hiding Alien Contact 90,Leaked documents reveal shocking information that governments worldwide have been hiding from the public for decades...Leaked documents reveal shocking information that governments worldwide have been hiding from the public for decades...Leaked documents reveal shocking information that governments worldwide have been hiding from the public for decades...Leaked documents reveal shocking information that governments worldwide have been hiding from the public for decades...,0
399,Tech Company Launches Updated Software Version - 64,"The new community center, located on Main Street, opened its doors to residents this week. Facilities include...The new community center, located on Main Street, opened its doors to residents this week. Facilities include...The new community center, located on Main Street, opened its doors to residents this week. Facilities include...",1
400,Celebrity Secretly Controls World Government 53,Leaked documents reveal shocking information that governments worldwide have been hiding from the public for decades...Leaked documents reveal shocking information that governments worldwide have been hiding from the public for decades...,0
401,Local Council Approves New Infrastructure Project - 72,Scientists at the research institute have made significant progress in understanding cancer cell behavior. The team...Scientists at the research institute have made significant progress in understanding cancer cell behavior. The team...Scientists at the research institute have made significant progress in understanding cancer cell behavior. The team...Scientists at the research institute have made significant progress in understanding cancer cell behavior. The team...,1
402,BREAKING: Scientists Discover Cure for All Diseases! 20,"According to unnamed sources, scientists have made an unprecedented discovery that will change everything we know about medicine...According to unnamed sources, scientists have made an unprecedented discovery that will change everything we know about medicine...",0
403,Government Releases Annual Budget Proposal - 41,Researchers at the university published their findings in the Journal of Climate Science. The study examined...Researchers at the university published their findings in the Journal of Climate Science. The study examined...Researchers at the university published their findings in the Journal of Climate Science. The study examined...,1
404,EXPOSED: The Real Truth Behind Recent Events 12,"According to unnamed sources, scientists have made an unprecedented discovery that will change everything we know about medicine...According to unnamed sources, scientists have made an unprecedented discovery that will change everything we know about medicine...",0
405,Tech Company Launches Updated Software Version - 61,Scientists at the research institute have made significant progress in understanding cancer cell behavior. The team...Scientists at the research institute have made significant progress in understanding cancer cell behavior. The team...,1
406,Miracle Diet: Lose 50 Pounds in 1 Week! 13,Investigation reveals disturbing connections between powerful figures and secretive organizations...Investigation reveals disturbing connections between powerful figures and secretive organizations...Investigation reveals disturbing connections between powerful figures and secretive organizations...,0
407,Museum Hosts Exhibition of Historical Artifacts - 100,Researchers at the university published their findings in the Journal of Climate Science. The study examined...Researchers at the university published their findings in the Journal of Climate Science. The study examined...Researchers at the university published their findings in the Journal of Climate Science. The study examined...,1
408,Celebrity Secretly Controls World Government 30,Leaked documents reveal shocking information that governments worldwide have been hiding from the public for decades...Leaked documents reveal shocking information that governments worldwide have been hiding from the public for decades...,0
409,Tech Company Launches Updated Software Version - 32,Scientists at the research institute have made significant progress in understanding cancer cell behavior. The team...Scientists at the research institute have made significant progress in understanding cancer cell behavior. The team...Scientists at the research institute have made significant progress in understanding cancer cell behavior. The team...Scientists at the research institute have made significant progress in understanding cancer cell behavior. The team...,1
410,WARNING: Your Phone is Spying on You Right Now! 44,"According to unnamed sources, scientists have made an unprecedented discovery that will change everything we know about medicine...According to unnamed sources, scientists have made an unprecedented discovery that will change everything we know about medicine...",0
411,University Researchers Make Progress in Cancer Study - 35,The city council voted 7-2 in favor of the new infrastructure project during Tuesday's meeting. The project includes...The city council voted 7-2 in favor of the new infrastructure project during Tuesday's meeting. The project includes...The city council voted 7-2 in favor of the new infrastructure project during Tuesday's meeting. The project includes...,1
412,Shocking Truth: Government Hiding Alien Contact 27,Leaked documents reveal shocking information that governments worldwide have been hiding from the public for decades...Leaked documents reveal shocking information that governments worldwide have been hiding from the public for decades...Leaked documents reveal shocking information that governments worldwide have been hiding from the public for decades...Leaked documents reveal shocking information that governments worldwide have been hiding from the public for decades...,0
413,Sports Team Wins Championship After Close Match - 90,"The company reported revenues of $X million for Q3, representing a Y% increase compared to the same period last year...The company reported revenues of $X million for Q3, representing a Y% increase compared to the same period last year...",1
414,WARNING: Your Phone is Spying on You Right Now! 64,Doctors are furious about this simple trick that has helped thousands lose weight without any effort or exercise...Doctors are furious about this simple trick that has helped thousands lose weight without any effort or exercise...Doctors are furious about this simple trick that has helped thousands lose weight without any effort or exercise...Doctors are furious about this simple trick that has helped thousands lose weight without any effort or exercise...,0
415,Company Announces Quarterly Earnings Report - 20,Scientists at the research institute have made significant progress in understanding cancer cell behavior. The team...Scientists at the research institute have made significant progress in understanding cancer cell behavior. The team...Scientists at the research institute have made significant progress in understanding cancer cell behavior. The team...,1
416,URGENT: Banks Will Collapse Tomorrow! 46,"According to unnamed sources, scientists have made an unprecedented discovery that will change everything we know about medicine...According to unnamed sources, scientists have made an unprecedented discovery that will change everything we know about medicine...According to unnamed sources, scientists have made an unprecedented discovery that will change everything we know about medicine...According to unnamed sources, scientists have made an unprecedented discovery that will change everything we know about medicine...",0
417,Company Announces Quarterly Earnings Report - 51,Researchers at the university published their findings in the Journal of Climate Science. The study examined...Researchers at the university published their findings in the Journal of Climate Science. The study examined...Researchers at the university published their findings in the Journal of Climate Science. The study examined...Researchers at the university published their findings in the Journal of Climate Science. The study examined...,1
418,URGENT: Banks Will Collapse Tomorrow! 76,Investigation reveals disturbing connections between powerful figures and secretive organizations...Investigation reveals disturbing connections between powerful figures and secretive organizations...,0
419,Company Announces Quarterly Earnings Report - 25,Scientists at the research institute have made significant progress in understanding cancer cell behavior. The team...Scientists at the research institute have made significant progress in understanding cancer cell behavior. The team...Scientists at the research institute have made significant progress in understanding cancer cell behavior. The team...Scientists at the research institute have made significant progress in understanding cancer cell behavior. The team...,1
420,BREAKING: Scientists Discover Cure for All Diseases! 74,Doctors are furious about this simple trick that has helped thousands lose weight without any effort or exercise...Doctors are furious about this simple trick that has helped thousands lose weight without any effort or exercise...,0
421,City Opens New Community Center for Residents - 51,The city council voted 7-2 in favor of the new infrastructure project during Tuesday's meeting. The project includes...The city council voted 7-2 in favor of the new infrastructure project during Tuesday's meeting. The project includes...The city council voted 7-2 in favor of the new infrastructure project during Tuesday's meeting. The project includes...,1
422,Incredible: Free Money for Everyone Starting Next Week! 80,"According to unnamed sources, scientists have made an unprecedented discovery that will change everything we know about medicine...According to unnamed sources, scientists have made an unprecedented discovery that will change everything we know about medicine...According to unnamed sources, scientists have made an unprecedented discovery that will change everything we know about medicine...",0
423,Government Releases Annual Budget Proposal - 21,"The company reported revenues of $X million for Q3, representing a Y% increase compared to the same period last year...The company reported revenues of $X million for Q3, representing a Y% increase compared to the same period last year...The company reported revenues of $X million for Q3, representing a Y% increase compared to the same period last year...The company reported revenues of $X million for Q3, representing a Y% increase compared to the same period last year...",1
424,Unbelievable: Man Lives to 200 Years Using This Method 40,Leaked documents reveal shocking information that governments worldwide have been hiding from the public for decades...Leaked documents reveal shocking information that governments worldwide have been hiding from the public for decades...Leaked documents reveal shocking information that governments worldwide have been hiding from the public for decades...,0
425,Research Team Publishes Study on Climate Patterns - 45,"The company reported revenues of $X million for Q3, representing a Y% increase compared to the same period last year...The company reported revenues of $X million for Q3, representing a Y% increase compared to the same period last year...",1
426,Amazing: This One Trick Doctors Don't Want You to Know 35,Investigation reveals disturbing connections between powerful figures and secretive organizations...Investigation reveals disturbing connections between powerful figures and secretive organizations...Investigation reveals disturbing connections between powerful figures and secretive organizations...Investigation reveals disturbing connections between powerful figures and secretive organizations...,0
427,Tech Company Launches Updated Software Version - 56,The city council voted 7-2 in favor of the new infrastructure project during Tuesday's meeting. The project includes...The city council voted 7-2 in favor of the new infrastructure project during Tuesday's meeting. The project includes...The city council voted 7-2 in favor of the new infrastructure project during Tuesday's meeting. The project includes...,1
428,Unbelievable: Man Lives to 200 Years Using This Method 23,"According to unnamed sources, scientists have made an unprecedented discovery that will change everything we know about medicine...According to unnamed sources, scientists have made an unprecedented discovery that will change everything we know about medicine...According to unnamed sources, scientists have made an unprecedented discovery that will change everything we know about medicine...According to unnamed sources, scientists have made an unprecedented discovery that will change everything we know about medicine...",0
429,City Opens New Community Center for Residents - 38,"The new community center, located on Main Street, opened its doors to residents this week. Facilities include...The new community center, located on Main Street, opened its doors to residents this week. Facilities include...",1
430,WARNING: Your Phone is Spying on You Right Now! 31,"Financial experts warn of imminent collapse, but mainstream media refuses to report the truth...Financial experts warn of imminent collapse, but mainstream media refuses to report the truth...",0
431,City Opens New Community Center for Residents - 80,Researchers at the university published their findings in the Journal of Climate Science. The study examined...Researchers at the university published their findings in the Journal of Climate Science. The study examined...,1
432,URGENT: Banks Will Collapse Tomorrow! 95,Doctors are furious about this simple trick that has helped thousands lose weight without any effort or exercise...Doctors are furious about this simple trick that has helped thousands lose weight without any effort or exercise...Doctors are furious about this simple trick that has helped thousands lose weight without any effort or exercise...,0
433,School District Implements New Education Program - 2,"The new community center, located on Main Street, opened its doors to residents this week. Facilities include...The new community center, located on Main Street, opened its doors to residents this week. Facilities include...The new community center, located on Main Street, opened its doors to residents this week. Facilities include...The new community center, located on Main Street, opened its doors to residents this week. Facilities include...",1
434,EXPOSED: The Real Truth Behind Recent Events 75,"Financial experts warn of imminent collapse, but mainstream media refuses to report the truth...Financial experts warn of imminent collapse, but mainstream media refuses to report the truth...Financial experts warn of imminent collapse, but mainstream media refuses to report the truth...Financial experts warn of imminent collapse, but mainstream media refuses to report the truth...",0
435,University Researchers Make Progress in Cancer Study - 14,Scientists at the research institute have made significant progress in understanding cancer cell behavior. The team...Scientists at the research institute have made significant progress in understanding cancer cell behavior. The team...Scientists at the research institute have made significant progress in understanding cancer cell behavior. The team...,1
436,Unbelievable: Man Lives to 200 Years Using This Method 8,Doctors are furious about this simple trick that has helped thousands lose weight without any effort or exercise...Doctors are furious about this simple trick that has helped thousands lose weight without any effort or exercise...Doctors are furious about this simple trick that has helped thousands lose weight without any effort or exercise...,0
437,Sports Team Wins Championship After Close Match - 37,"The company reported revenues of $X million for Q3, representing a Y% increase compared to the same period last year...The company reported revenues of $X million for Q3, representing a Y% increase compared to the same period last year...The company reported revenues of $X million for Q3, representing a Y% increase compared to the same period last year...The company reported revenues of $X million for Q3, representing a Y% increase compared to the same period last year...",1
438,WARNING: Your Phone is Spying on You Right Now! 79,"Financial experts warn of imminent collapse, but mainstream media refuses to report the truth...Financial experts warn of imminent collapse, but mainstream media refuses to report the truth...Financial experts warn of imminent collapse, but mainstream media refuses to report the truth...Financial experts warn of imminent collapse, but mainstream media refuses to report the truth...",0
439,School District Implements New Education Program - 62,Scientists at the research institute have made significant progress in understanding cancer cell behavior. The team...Scientists at the research institute have made significant progress in understanding cancer cell behavior. The team...,1
440,Celebrity Secretly Controls World Government 71,"According to unnamed sources, scientists have made an unprecedented discovery that will change everything we know about medicine...According to unnamed sources, scientists have made an unprecedented discovery that will change everything we know about medicine...",0
441,Local Council Approves New Infrastructure Project - 36,Scientists at the research institute have made significant progress in understanding cancer cell behavior. The team...Scientists at the research institute have made significant progress in understanding cancer cell behavior. The team...,1
442,Incredible: Free Money for Everyone Starting Next Week! 1,Investigation reveals disturbing connections between powerful figures and secretive organizations...Investigation reveals disturbing connections between powerful figures and secretive organizations...Investigation reveals disturbing connections between powerful figures and secretive organizations...,0
443,University Researchers Make Progress in Cancer Study - 40,The city council voted 7-2 in favor of the new infrastructure project during Tuesday's meeting. The project includes...The city council voted 7-2 in favor of the new infrastructure project during Tuesday's meeting. The project includes...,1
444,WARNING: Your Phone is Spying on You Right Now! 68,"According to unnamed sources, scientists have made an unprecedented discovery that will change everything we know about medicine...According to unnamed sources, scientists have made an unprecedented discovery that will change everything we know about medicine...",0
445,School District Implements New Education Program - 2,"The company reported revenues of $X million for Q3, representing a Y% increase compared to the same period last year...The company reported revenues of $X million for Q3, representing a Y% increase compared to the same period last year...",1
446,Miracle Diet: Lose 50 Pounds in 1 Week! 30,Investigation reveals disturbing connections between powerful figures and secretive organizations...Investigation reveals disturbing connections between powerful figures and secretive organizations...Investigation reveals disturbing connections between powerful figures and secretive organizations...,0
447,School District Implements New Education Program - 6,Researchers at the university published their findings in the Journal of Climate Science. The study examined...Researchers at the university published their findings in the Journal of Climate Science. The study examined...Researchers at the university published their findings in the Journal of Climate Science. The study examined...,1
448,Unbelievable: Man Lives to 200 Years Using This Method 83,Doctors are furious about this simple trick that has helped thousands lose weight without any effort or exercise...Doctors are furious about this simple trick that has helped thousands lose weight without any effort or exercise...,0
449,Company Announces Quarterly Earnings Report - 3,"The company reported revenues of $X million for Q3, representing a Y% increase compared to the same period last year...The company reported revenues of $X million for Q3, representing a Y% increase compared to the same period last year...The company reported revenues of $X million for Q3, representing a Y% increase compared to the same period last year...The company reported revenues of $X million for Q3, representing a Y% increase compared to the same period last year...",1
450,BREAKING: Scientists Discover Cure for All Diseases! 68,Investigation reveals disturbing connections between powerful figures and secretive organizations...Investigation reveals disturbing connections between powerful figures and secretive organizations...,0
451,Government Releases Annual Budget Proposal - 38,Researchers at the university published their findings in the Journal of Climate Science. The study examined...Researchers at the university published their findings in the Journal of Climate Science. The study examined...,1
452,BREAKING: Scientists Discover Cure for All Diseases! 59,Investigation reveals disturbing connections between powerful figures and secretive organizations...Investigation reveals disturbing connections between powerful figures and secretive organizations...Investigation reveals disturbing connections between powerful figures and secretive organizations...,0
453,Museum Hosts Exhibition of Historical Artifacts - 52,Scientists at the research institute have made significant progress in understanding cancer cell behavior. The team...Scientists at the research institute have made significant progress in understanding cancer cell behavior. The team...Scientists at the research institute have made significant progress in understanding cancer cell behavior. The team...,1
454,WARNING: Your Phone is Spying on You Right Now! 64,Investigation reveals disturbing connections between powerful figures and secretive organizations...Investigation reveals disturbing connections between powerful figures and secretive organizations...,0
455,City Opens New Community Center for Residents - 34,The city council voted 7-2 in favor of the new infrastructure project during Tuesday's meeting. The project includes...The city council voted 7-2 in favor of the new infrastructure project during Tuesday's meeting. The project includes...The city council voted 7-2 in favor of the new infrastructure project during Tuesday's meeting. The project includes...The city council voted 7-2 in favor of the new infrastructure project during Tuesday's meeting. The project includes...,1
456,Unbelievable: Man Lives to 200 Years Using This Method 36,Investigation reveals disturbing connections between powerful figures and secretive organizations...Investigation reveals disturbing connections between powerful figures and secretive organizations...Investigation reveals disturbing connections between powerful figures and secretive organizations...Investigation reveals disturbing connections between powerful figures and secretive organizations...,0
457,Company Announces Quarterly Earnings Report - 94,The city council voted 7-2 in favor of the new infrastructure project during Tuesday's meeting. The project includes...The city council voted 7-2 in favor of the new infrastructure project during Tuesday's meeting. The project includes...The city council voted 7-2 in favor of the new infrastructure project during Tuesday's meeting. The project includes...The city council voted 7-2 in favor of the new infrastructure project during Tuesday's meeting. The project includes...,1
458,Miracle Diet: Lose 50 Pounds in 1 Week! 51,Investigation reveals disturbing connections between powerful figures and secretive organizations...Investigation reveals disturbing connections between powerful figures and secretive organizations...Investigation reveals disturbing connections between powerful figures and secretive organizations...,0
459,Sports Team Wins Championship After Close Match - 4,"The company reported revenues of $X million for Q3, representing a Y% increase compared to the same period last year...The company reported revenues of $X million for Q3, representing a Y% increase compared to the same period last year...The company reported revenues of $X million for Q3, representing a Y% increase compared to the same period last year...",1
460,EXPOSED: The Real Truth Behind Recent Events 65,Leaked documents reveal shocking information that governments worldwide have been hiding from the public for decades...Leaked documents reveal shocking information that governments worldwide have been hiding from the public for decades...,0
461,Company Announces Quarterly Earnings Report - 18,Researchers at the university published their findings in the Journal of Climate Science. The study examined...Researchers at the university published their findings in the Journal of Climate Science. The study examined...,1
462,Amazing: This One Trick Doctors Don't Want You to Know 7,"Financial experts warn of imminent collapse, but mainstream media refuses to report the truth...Financial experts warn of imminent collapse, but mainstream media refuses to report the truth...Financial experts warn of imminent collapse, but mainstream media refuses to report the truth...",0
463,Tech Company Launches Updated Software Version - 25,"The new community center, located on Main Street, opened its doors to residents this week. Facilities include...The new community center, located on Main Street, opened its doors to residents this week. Facilities include...The new community center, located on Main Street, opened its doors to residents this week. Facilities include...",1
464,BREAKING: Scientists Discover Cure for All Diseases! 77,"According to unnamed sources, scientists have made an unprecedented discovery that will change everything we know about medicine...According to unnamed sources, scientists have made an unprecedented discovery that will change everything we know about medicine...",0
465,School District Implements New Education Program - 25,Scientists at the research institute have made significant progress in understanding cancer cell behavior. The team...Scientists at the research institute have made significant progress in understanding cancer cell behavior. The team...,1
466,Amazing: This One Trick Doctors Don't Want You to Know 12,Doctors are furious about this simple trick that has helped thousands lose weight without any effort or exercise...Doctors are furious about this simple trick that has helped thousands lose weight without any effort or exercise...Doctors are furious about this simple trick that has helped thousands lose weight without any effort or exercise...,0
467,Local Council Approves New Infrastructure Project - 91,"The company reported revenues of $X million for Q3, representing a Y% increase compared to the same period last year...The company reported revenues of $X million for Q3, representing a Y% increase compared to the same period last year...The company reported revenues of $X million for Q3, representing a Y% increase compared to the same period last year...The company reported revenues of $X million for Q3, representing a Y% increase compared to the same period last year...",1
468,Celebrity Secretly Controls World Government 38,Doctors are furious about this simple trick that has helped thousands lose weight without any effort or exercise...Doctors are furious about this simple trick that has helped thousands lose weight without any effort or exercise...Doctors are furious about this simple trick that has helped thousands lose weight without any effort or exercise...,0
469,Research Team Publishes Study on Climate Patterns - 91,"The company reported revenues of $X million for Q3, representing a Y% increase compared to the same period last year...The company reported revenues of $X million for Q3, representing a Y% increase compared to the same period last year...The company reported revenues of $X million for Q3, representing a Y% increase compared to the same period last year...The company reported revenues of $X million for Q3, representing a Y% increase compared to the same period last year...",1
470,Celebrity Secretly Controls World Government 45,Doctors are furious about this simple trick that has helped thousands lose weight without any effort or exercise...Doctors are furious about this simple trick that has helped thousands lose weight without any effort or exercise...Doctors are furious about this simple trick that has helped thousands lose weight without any effort or exercise...Doctors are furious about this simple trick that has helped thousands lose weight without any effort or exercise...,0
471,Local Council Approves New Infrastructure Project - 13,"The company reported revenues of $X million for Q3, representing a Y% increase compared to the same period last year...The company reported revenues of $X million for Q3, representing a Y% increase compared to the same period last year...The company reported revenues of $X million for Q3, representing a Y% increase compared to the same period last year...The company reported revenues of $X million for Q3, representing a Y% increase compared to the same period last year...",1
472,Incredible: Free Money for Everyone Starting Next Week! 24,Investigation reveals disturbing connections between powerful figures and secretive organizations...Investigation reveals disturbing connections between powerful figures and secretive organizations...Investigation reveals disturbing connections between powerful figures and secretive organizations...Investigation reveals disturbing connections between powerful figures and secretive organizations...,0
473,School District Implements New Education Program - 100,"The new community center, located on Main Street, opened its doors to residents this week. Facilities include...The new community center, located on Main Street, opened its doors to residents this week. Facilities include...The new community center, located on Main Street, opened its doors to residents this week. Facilities include...The new community center, located on Main Street, opened its doors to residents this week. Facilities include...",1
474,BREAKING: Scientists Discover Cure for All Diseases! 12,"Financial experts warn of imminent collapse, but mainstream media refuses to report the truth...Financial experts warn of imminent collapse, but mainstream media refuses to report the truth...Financial experts warn of imminent collapse, but mainstream media refuses to report the truth...",0
475,Research Team Publishes Study on Climate Patterns - 23,Scientists at the research institute have made significant progress in understanding cancer cell behavior. The team...Scientists at the research institute have made significant progress in understanding cancer cell behavior. The team...Scientists at the research institute have made significant progress in understanding cancer cell behavior. The team...,1
476,Miracle Diet: Lose 50 Pounds in 1 Week! 81,Investigation reveals disturbing connections between powerful figures and secretive organizations...Investigation reveals disturbing connections between powerful figures and secretive organizations...Investigation reveals disturbing connections between powerful figures and secretive organizations...,0
477,City Opens New Community Center for Residents - 54,Researchers at the university published their findings in the Journal of Climate Science. The study examined...Researchers at the university published their findings in the Journal of Climate Science. The study examined...,1
478,Shocking Truth: Government Hiding Alien Contact 62,Leaked documents reveal shocking information that governments worldwide have been hiding from the public for decades...Leaked documents reveal shocking information that governments worldwide have been hiding from the public for decades...,0
479,School District Implements New Education Program - 82,The city council voted 7-2 in favor of the new infrastructure project during Tuesday's meeting. The project includes...The city council voted 7-2 in favor of the new infrastructure project during Tuesday's meeting. The project includes...The city council voted 7-2 in favor of the new infrastructure project during Tuesday's meeting. The project includes...,1
480,Amazing: This One Trick Doctors Don't Want You to Know 36,Leaked documents reveal shocking information that governments worldwide have been hiding from the public for decades...Leaked documents reveal shocking information that governments worldwide have been hiding from the public for decades...Leaked documents reveal shocking information that governments worldwide have been hiding from the public for decades...,0
481,Government Releases Annual Budget Proposal - 56,The city council voted 7-2 in favor of the new infrastructure project during Tuesday's meeting. The project includes...The city council voted 7-2 in favor of the new infrastructure project during Tuesday's meeting. The project includes...The city council voted 7-2 in favor of the new infrastructure project during Tuesday's meeting. The project includes...,1
482,Shocking Truth: Government Hiding Alien Contact 25,Investigation reveals disturbing connections between powerful figures and secretive organizations...Investigation reveals disturbing connections between powerful figures and secretive organizations...,0
483,University Researchers Make Progress in Cancer Study - 51,Researchers at the university published their findings in the Journal of Climate Science. The study examined...Researchers at the university published their findings in the Journal of Climate Science. The study examined...Researchers at the university published their findings in the Journal of Climate Science. The study examined...Researchers at the university published their findings in the Journal of Climate Science. The study examined...,1
484,Amazing: This One Trick Doctors Don't Want You to Know 3,"Financial experts warn of imminent collapse, but mainstream media refuses to report the truth...Financial experts warn of imminent collapse, but mainstream media refuses to report the truth...Financial experts warn of imminent collapse, but mainstream media refuses to report the truth...Financial experts warn of imminent collapse, but mainstream media refuses to report the truth...",0
485,Tech Company Launches Updated Software Version - 73,"The new community center, located on Main Street, opened its doors to residents this week. Facilities include...The new community center, located on Main Street, opened its doors to residents this week. Facilities include...The new community center, located on Main Street, opened its doors to residents this week. Facilities include...The new community center, located on Main Street, opened its doors to residents this week. Facilities include...",1
486,EXPOSED: The Real Truth Behind Recent Events 61,"Financial experts warn of imminent collapse, but mainstream media refuses to report the truth...Financial experts warn of imminent collapse, but mainstream media refuses to report the truth...",0
487,Museum Hosts Exhibition of Historical Artifacts - 82,"The new community center, located on Main Street, opened its doors to residents this week. Facilities include...The new community center, located on Main Street, opened its doors to residents this week. Facilities include...The new community center, located on Main Street, opened its doors to residents this week. Facilities include...",1
488,EXPOSED: The Real Truth Behind Recent Events 32,"According to unnamed sources, scientists have made an unprecedented discovery that will change everything we know about medicine...According to unnamed sources, scientists have made an unprecedented discovery that will change everything we know about medicine...According to unnamed sources, scientists have made an unprecedented discovery that will change everything we know about medicine...According to unnamed sources, scientists have made an unprecedented discovery that will change everything we know about medicine...",0
489,Museum Hosts Exhibition of Historical Artifacts - 12,"The company reported revenues of $X million for Q3, representing a Y% increase compared to the same period last year...The company reported revenues of $X million for Q3, representing a Y% increase compared to the same period last year...The company reported revenues of $X million for Q3, representing a Y% increase compared to the same period last year...",1
490,Miracle Diet: Lose 50 Pounds in 1 Week! 69,Leaked documents reveal shocking information that governments worldwide have been hiding from the public for decades...Leaked documents reveal shocking information that governments worldwide have been hiding from the public for decades...Leaked documents reveal shocking information that governments worldwide have been hiding from the public for decades...Leaked documents reveal shocking information that governments worldwide have been hiding from the public for decades...,0
491,Company Announces Quarterly Earnings Report - 69,Scientists at the research institute have made significant progress in understanding cancer cell behavior. The team...Scientists at the research institute have made significant progress in understanding cancer cell behavior. The team...Scientists at the research institute have made significant progress in understanding cancer cell behavior. The team...Scientists at the research institute have made significant progress in understanding cancer cell behavior. The team...,1
492,Shocking Truth: Government Hiding Alien Contact 67,Doctors are furious about this simple trick that has helped thousands lose weight without any effort or exercise...Doctors are furious about this simple trick that has helped thousands lose weight without any effort or exercise...,0
493,Company Announces Quarterly Earnings Report - 80,The city council voted 7-2 in favor of the new infrastructure project during Tuesday's meeting. The project includes...The city council voted 7-2 in favor of the new infrastructure project during Tuesday's meeting. The project includes...,1
494,Unbelievable: Man Lives to 200 Years Using This Method 90,Investigation reveals disturbing connections between powerful figures and secretive organizations...Investigation reveals disturbing connections between powerful figures and secretive organizations...Investigation reveals disturbing connections between powerful figures and secretive organizations...Investigation reveals disturbing connections between powerful figures and secretive organizations...,0
495,Sports Team Wins Championship After Close Match - 89,"The new community center, located on Main Street, opened its doors to residents this week. Facilities include...The new community center, located on Main Street, opened its doors to residents this week. Facilities include...The new community center, located on Main Street, opened its doors to residents this week. Facilities include...The new community center, located on Main Street, opened its doors to residents this week. Facilities include...",1
496,EXPOSED: The Real Truth Behind Recent Events 78,Leaked documents reveal shocking information that governments worldwide have been hiding from the public for decades...Leaked documents reveal shocking information that governments worldwide have been hiding from the public for decades...Leaked documents reveal shocking information that governments worldwide have been hiding from the public for decades...,0
497,Museum Hosts Exhibition of Historical Artifacts - 8,"The company reported revenues of $X million for Q3, representing a Y% increase compared to the same period last year...The company reported revenues of $X million for Q3, representing a Y% increase compared to the same period last year...The company reported revenues of $X million for Q3, representing a Y% increase compared to the same period last year...The company reported revenues of $X million for Q3, representing a Y% increase compared to the same period last year...",1
498,Incredible: Free Money for Everyone Starting Next Week! 39,"According to unnamed sources, scientists have made an unprecedented discovery that will change everything we know about medicine...According to unnamed sources, scientists have made an unprecedented discovery that will change everything we know about medicine...",0
499,Museum Hosts Exhibition of Historical Artifacts - 100,Researchers at the university published their findings in the Journal of Climate Science. The study examined...Researchers at the university published their findings in the Journal of Climate Science. The study examined...Researchers at the university published their findings in the Journal of Climate Science. The study examined...,1
500,URGENT: Banks Will Collapse Tomorrow! 93,Leaked documents reveal shocking information that governments worldwide have been hiding from the public for decades...Leaked documents reveal shocking information that governments worldwide have been hiding from the public for decades...Leaked documents reveal shocking information that governments worldwide have been hiding from the public for decades...,0
501,University Researchers Make Progress in Cancer Study - 14,Researchers at the university published their findings in the Journal of Climate Science. The study examined...Researchers at the university published their findings in the Journal of Climate Science. The study examined...Researchers at the university published their findings in the Journal of Climate Science. The study examined...Researchers at the university published their findings in the Journal of Climate Science. The study examined...,1
502,URGENT: Banks Will Collapse Tomorrow! 2,Doctors are furious about this simple trick that has helped thousands lose weight without any effort or exercise...Doctors are furious about this simple trick that has helped thousands lose weight without any effort or exercise...Doctors are furious about this simple trick that has helped thousands lose weight without any effort or exercise...Doctors are furious about this simple trick that has helped thousands lose weight without any effort or exercise...,0
503,University Researchers Make Progress in Cancer Study - 56,Researchers at the university published their findings in the Journal of Climate Science. The study examined...Researchers at the university published their findings in the Journal of Climate Science. The study examined...Researchers at the university published their findings in the Journal of Climate Science. The study examined...Researchers at the university published their findings in the Journal of Climate Science. The study examined...,1
504,Shocking Truth: Government Hiding Alien Contact 74,Leaked documents reveal shocking information that governments worldwide have been hiding from the public for decades...Leaked documents reveal shocking information that governments worldwide have been hiding from the public for decades...Leaked documents reveal shocking information that governments worldwide have been hiding from the public for decades...Leaked documents reveal shocking information that governments worldwide have been hiding from the public for decades...,0
505,Research Team Publishes Study on Climate Patterns - 37,"The new community center, located on Main Street, opened its doors to residents this week. Facilities include...The new community center, located on Main Street, opened its doors to residents this week. Facilities include...The new community center, located on Main Street, opened its doors to residents this week. Facilities include...The new community center, located on Main Street, opened its doors to residents this week. Facilities include...",1
506,WARNING: Your Phone is Spying on You Right Now! 17,"According to unnamed sources, scientists have made an unprecedented discovery that will change everything we know about medicine...According to unnamed sources, scientists have made an unprecedented discovery that will change everything we know about medicine...",0
507,Government Releases Annual Budget Proposal - 89,"The new community center, located on Main Street, opened its doors to residents this week. Facilities include...The new community center, located on Main Street, opened its doors to residents this week. Facilities include...The new community center, located on Main Street, opened its doors to residents this week. Facilities include...",1
508,Unbelievable: Man Lives to 200 Years Using This Method 70,"According to unnamed sources, scientists have made an unprecedented discovery that will change everything we know about medicine...According to unnamed sources, scientists have made an unprecedented discovery that will change everything we know about medicine...According to unnamed sources, scientists have made an unprecedented discovery that will change everything we know about medicine...",0
509,Company Announces Quarterly Earnings Report - 51,The city council voted 7-2 in favor of the new infrastructure project during Tuesday's meeting. The project includes...The city council voted 7-2 in favor of the new infrastructure project during Tuesday's meeting. The project includes...The city council voted 7-2 in favor of the new infrastructure project during Tuesday's meeting. The project includes...,1
510,BREAKING: Scientists Discover Cure for All Diseases! 11,"Financial experts warn of imminent collapse, but mainstream media refuses to report the truth...Financial experts warn of imminent collapse, but mainstream media refuses to report the truth...Financial experts warn of imminent collapse, but mainstream media refuses to report the truth...",0
511,Government Releases Annual Budget Proposal - 33,Researchers at the university published their findings in the Journal of Climate Science. The study examined...Researchers at the university published their findings in the Journal of Climate Science. The study examined...,1
512,Amazing: This One Trick Doctors Don't Want You to Know 71,"According to unnamed sources, scientists have made an unprecedented discovery that will change everything we know about medicine...According to unnamed sources, scientists have made an unprecedented discovery that will change everything we know about medicine...According to unnamed sources, scientists have made an unprecedented discovery that will change everything we know about medicine...",0
513,Research Team Publishes Study on Climate Patterns - 97,Researchers at the university published their findings in the Journal of Climate Science. The study examined...Researchers at the university published their findings in the Journal of Climate Science. The study examined...Researchers at the university published their findings in the Journal of Climate Science. The study examined...,1
514,Celebrity Secretly Controls World Government 70,"Financial experts warn of imminent collapse, but mainstream media refuses to report the truth...Financial experts warn of imminent collapse, but mainstream media refuses to report the truth...",0
515,Company Announces Quarterly Earnings Report - 4,"The company reported revenues of $X million for Q3, representing a Y% increase compared to the same period last year...The company reported revenues of $X million for Q3, representing a Y% increase compared to the same period last year...The company reported revenues of $X million for Q3, representing a Y% increase compared to the same period last year...",1
516,EXPOSED: The Real Truth Behind Recent Events 21,"According to unnamed sources, scientists have made an unprecedented discovery that will change everything we know about medicine...According to unnamed sources, scientists have made an unprecedented discovery that will change everything we know about medicine...According to unnamed sources, scientists have made an unprecedented discovery that will change everything we know about medicine...",0
517,Local Council Approves New Infrastructure Project - 4,"The company reported revenues of $X million for Q3, representing a Y% increase compared to the same period last year...The company reported revenues of $X million for Q3, representing a Y% increase compared to the same period last year...The company reported revenues of $X million for Q3, representing a Y% increase compared to the same period last year...The company reported revenues of $X million for Q3, representing a Y% increase compared to the same period last year...",1
518,Amazing: This One Trick Doctors Don't Want You to Know 69,"According to unnamed sources, scientists have made an unprecedented discovery that will change everything we know about medicine...According to unnamed sources, scientists have made an unprecedented discovery that will change everything we know about medicine...According to unnamed sources, scientists have made an unprecedented discovery that will change everything we know about medicine...According to unnamed sources, scientists have made an unprecedented discovery that will change everything we know about medicine...",0
519,Tech Company Launches Updated Software Version - 28,"The company reported revenues of $X million for Q3, representing a Y% increase compared to the same period last year...The company reported revenues of $X million for Q3, representing a Y% increase compared to the same period last year...",1
520,Amazing: This One Trick Doctors Don't Want You to Know 42,"Financial experts warn of imminent collapse, but mainstream media refuses to report the truth...Financial experts warn of imminent collapse, but mainstream media refuses to report the truth...",0
521,Company Announces Quarterly Earnings Report - 10,The city council voted 7-2 in favor of the new infrastructure project during Tuesday's meeting. The project includes...The city council voted 7-2 in favor of the new infrastructure project during Tuesday's meeting. The project includes...The city council voted 7-2 in favor of the new infrastructure project during Tuesday's meeting. The project includes...,1
522,WARNING: Your Phone is Spying on You Right Now! 80,"Financial experts warn of imminent collapse, but mainstream media refuses to report the truth...Financial experts warn of imminent collapse, but mainstream media refuses to report the truth...Financial experts warn of imminent collapse, but mainstream media refuses to report the truth...",0
523,Research Team Publishes Study on Climate Patterns - 79,Researchers at the university published their findings in the Journal of Climate Science. The study examined...Researchers at the university published their findings in the Journal of Climate Science. The study examined...Researchers at the university published their findings in the Journal of Climate Science. The study examined...,1
524,Unbelievable: Man Lives to 200 Years Using This Method 76,"Financial experts warn of imminent collapse, but mainstream media refuses to report the truth...Financial experts warn of imminent collapse, but mainstream media refuses to report the truth...",0
525,Tech Company Launches Updated Software Version - 65,"The company reported revenues of $X million for Q3, representing a Y% increase compared to the same period last year...The company reported revenues of $X million for Q3, representing a Y% increase compared to the same period last year...",1
526,Miracle Diet: Lose 50 Pounds in 1 Week! 81,Doctors are furious about this simple trick that has helped thousands lose weight without any effort or exercise...Doctors are furious about this simple trick that has helped thousands lose weight without any effort or exercise...,0
527,Museum Hosts Exhibition of Historical Artifacts - 11,"The new community center, located on Main Street, opened its doors to residents this week. Facilities include...The new community center, located on Main Street, opened its doors to residents this week. Facilities include...",1
528,Amazing: This One Trick Doctors Don't Want You to Know 54,Investigation reveals disturbing connections between powerful figures and secretive organizations...Investigation reveals disturbing connections between powerful figures and secretive organizations...,0
529,Museum Hosts Exhibition of Historical Artifacts - 59,Scientists at the research institute have made significant progress in understanding cancer cell behavior. The team...Scientists at the research institute have made significant progress in understanding cancer cell behavior. The team...Scientists at the research institute have made significant progress in understanding cancer cell behavior. The team...,1
530,Unbelievable: Man Lives to 200 Years Using This Method 58,Investigation reveals disturbing connections between powerful figures and secretive organizations...Investigation reveals disturbing connections between powerful figures and secretive organizations...Investigation reveals disturbing connections between powerful figures and secretive organizations...,0
531,Research Team Publishes Study on Climate Patterns - 94,"The company reported revenues of $X million for Q3, representing a Y% increase compared to the same period last year...The company reported revenues of $X million for Q3, representing a Y% increase compared to the same period last year...The company reported revenues of $X million for Q3, representing a Y% increase compared to the same period last year...The company reported revenues of $X million for Q3, representing a Y% increase compared to the same period last year...",1
532,Miracle Diet: Lose 50 Pounds in 1 Week! 5,Leaked documents reveal shocking information that governments worldwide have been hiding from the public for decades...Leaked documents reveal shocking information that governments worldwide have been hiding from the public for decades...Leaked documents reveal shocking information that governments worldwide have been hiding from the public for decades...Leaked documents reveal shocking information that governments worldwide have been hiding from the public for decades...,0
533,Company Announces Quarterly Earnings Report - 34,The city council voted 7-2 in favor of the new infrastructure project during Tuesday's meeting. The project includes...The city council voted 7-2 in favor of the new infrastructure project during Tuesday's meeting. The project includes...The city council voted 7-2 in favor of the new infrastructure project during Tuesday's meeting. The project includes...,1
534,BREAKING: Scientists Discover Cure for All Diseases! 38,"Financial experts warn of imminent collapse, but mainstream media refuses to report the truth...Financial experts warn of imminent collapse, but mainstream media refuses to report the truth...Financial experts warn of imminent collapse, but mainstream media refuses to report the truth...",0
535,School District Implements New Education Program - 56,"The new community center, located on Main Street, opened its doors to residents this week. Facilities include...The new community center, located on Main Street, opened its doors to residents this week. Facilities include...",1
536,Incredible: Free Money for Everyone Starting Next Week! 7,"Financial experts warn of imminent collapse, but mainstream media refuses to report the truth...Financial experts warn of imminent collapse, but mainstream media refuses to report the truth...Financial experts warn of imminent collapse, but mainstream media refuses to report the truth...",0
537,Local Council Approves New Infrastructure Project - 67,Researchers at the university published their findings in the Journal of Climate Science. The study examined...Researchers at the university published their findings in the Journal of Climate Science. The study examined...,1
538,Celebrity Secretly Controls World Government 63,"According to unnamed sources, scientists have made an unprecedented discovery that will change everything we know about medicine...According to unnamed sources, scientists have made an unprecedented discovery that will change everything we know about medicine...",0
539,School District Implements New Education Program - 30,The city council voted 7-2 in favor of the new infrastructure project during Tuesday's meeting. The project includes...The city council voted 7-2 in favor of the new infrastructure project during Tuesday's meeting. The project includes...The city council voted 7-2 in favor of the new infrastructure project during Tuesday's meeting. The project includes...The city council voted 7-2 in favor of the new infrastructure project during Tuesday's meeting. The project includes...,1
540,EXPOSED: The Real Truth Behind Recent Events 25,Doctors are furious about this simple trick that has helped thousands lose weight without any effort or exercise...Doctors are furious about this simple trick that has helped thousands lose weight without any effort or exercise...Doctors are furious about this simple trick that has helped thousands lose weight without any effort or exercise...,0
541,Research Team Publishes Study on Climate Patterns - 56,"The new community center, located on Main Street, opened its doors to residents this week. Facilities include...The new community center, located on Main Street, opened its doors to residents this week. Facilities include...The new community center, located on Main Street, opened its doors to residents this week. Facilities include...The new community center, located on Main Street, opened its doors to residents this week. Facilities include...",1
542,BREAKING: Scientists Discover Cure for All Diseases! 80,"According to unnamed sources, scientists have made an unprecedented discovery that will change everything we know about medicine...According to unnamed sources, scientists have made an unprecedented discovery that will change everything we know about medicine...According to unnamed sources, scientists have made an unprecedented discovery that will change everything we know about medicine...According to unnamed sources, scientists have made an unprecedented discovery that will change everything we know about medicine...",0
543,Government Releases Annual Budget Proposal - 28,Scientists at the research institute have made significant progress in understanding cancer cell behavior. The team...Scientists at the research institute have made significant progress in understanding cancer cell behavior. The team...Scientists at the research institute have made significant progress in understanding cancer cell behavior. The team...Scientists at the research institute have made significant progress in understanding cancer cell behavior. The team...,1
544,WARNING: Your Phone is Spying on You Right Now! 45,Leaked documents reveal shocking information that governments worldwide have been hiding from the public for decades...Leaked documents reveal shocking information that governments worldwide have been hiding from the public for decades...,0
545,School District Implements New Education Program - 55,"The new community center, located on Main Street, opened its doors to residents this week. Facilities include...The new community center, located on Main Street, opened its doors to residents this week. Facilities include...",1
546,Miracle Diet: Lose 50 Pounds in 1 Week! 19,"According to unnamed sources, scientists have made an unprecedented discovery that will change everything we know about medicine...According to unnamed sources, scientists have made an unprecedented discovery that will change everything we know about medicine...",0
547,Research Team Publishes Study on Climate Patterns - 85,"The company reported revenues of $X million for Q3, representing a Y% increase compared to the same period last year...The company reported revenues of $X million for Q3, representing a Y% increase compared to the same period last year...",1
548,BREAKING: Scientists Discover Cure for All Diseases! 40,Investigation reveals disturbing connections between powerful figures and secretive organizations...Investigation reveals disturbing connections between powerful figures and secretive organizations...Investigation reveals disturbing connections between powerful figures and secretive organizations...,0
549,School District Implements New Education Program - 3,"The company reported revenues of $X million for Q3, representing a Y% increase compared to the same period last year...The company reported revenues of $X million for Q3, representing a Y% increase compared to the same period last year...",1
550,URGENT: Banks Will Collapse Tomorrow! 61,Leaked documents reveal shocking information that governments worldwide have been hiding from the public for decades...Leaked documents reveal shocking information that governments worldwide have been hiding from the public for decades...Leaked documents reveal shocking information that governments worldwide have been hiding from the public for decades...Leaked documents reveal shocking information that governments worldwide have been hiding from the public for decades...,0
551,School District Implements New Education Program - 78,"The company reported revenues of $X million for Q3, representing a Y% increase compared to the same period last year...The company reported revenues of $X million for Q3, representing a Y% increase compared to the same period last year...The company reported revenues of $X million for Q3, representing a Y% increase compared to the same period last year...The company reported revenues of $X million for Q3, representing a Y% increase compared to the same period last year...",1
552,Unbelievable: Man Lives to 200 Years Using This Method 27,"According to unnamed sources, scientists have made an unprecedented discovery that will change everything we know about medicine...According to unnamed sources, scientists have made an unprecedented discovery that will change everything we know about medicine...According to unnamed sources, scientists have made an unprecedented discovery that will change everything we know about medicine...According to unnamed sources, scientists have made an unprecedented discovery that will change everything we know about medicine...",0
553,University Researchers Make Progress in Cancer Study - 73,Researchers at the university published their findings in the Journal of Climate Science. The study examined...Researchers at the university published their findings in the Journal of Climate Science. The study examined...Researchers at the university published their findings in the Journal of Climate Science. The study examined...Researchers at the university published their findings in the Journal of Climate Science. The study examined...,1
554,EXPOSED: The Real Truth Behind Recent Events 91,Leaked documents reveal shocking information that governments worldwide have been hiding from the public for decades...Leaked documents reveal shocking information that governments worldwide have been hiding from the public for decades...,0
555,Research Team Publishes Study on Climate Patterns - 64,"The new community center, located on Main Street, opened its doors to residents this week. Facilities include...The new community center, located on Main Street, opened its doors to residents this week. Facilities include...The new community center, located on Main Street, opened its doors to residents this week. Facilities include...",1
556,Miracle Diet: Lose 50 Pounds in 1 Week! 27,"Financial experts warn of imminent collapse, but mainstream media refuses to report the truth...Financial experts warn of imminent collapse, but mainstream media refuses to report the truth...",0
557,School District Implements New Education Program - 49,Researchers at the university published their findings in the Journal of Climate Science. The study examined...Researchers at the university published their findings in the Journal of Climate Science. The study examined...Researchers at the university published their findings in the Journal of Climate Science. The study examined...,1
558,Amazing: This One Trick Doctors Don't Want You to Know 20,"Financial experts warn of imminent collapse, but mainstream media refuses to report the truth...Financial experts warn of imminent collapse, but mainstream media refuses to report the truth...",0
559,School District Implements New Education Program - 98,Researchers at the university published their findings in the Journal of Climate Science. The study examined...Researchers at the university published their findings in the Journal of Climate Science. The study examined...Researchers at the university published their findings in the Journal of Climate Science. The study examined...Researchers at the university published their findings in the Journal of Climate Science. The study examined...,1
560,Shocking Truth: Government Hiding Alien Contact 20,"Financial experts warn of imminent collapse, but mainstream media refuses to report the truth...Financial experts warn of imminent collapse, but mainstream media refuses to report the truth...Financial experts warn of imminent collapse, but mainstream media refuses to report the truth...",0
561,Government Releases Annual Budget Proposal - 91,The city council voted 7-2 in favor of the new infrastructure project during Tuesday's meeting. The project includes...The city council voted 7-2 in favor of the new infrastructure project during Tuesday's meeting. The project includes...The city council voted 7-2 in favor of the new infrastructure project during Tuesday's meeting. The project includes...,1
562,Unbelievable: Man Lives to 200 Years Using This Method 56,"According to unnamed sources, scientists have made an unprecedented discovery that will change everything we know about medicine...According to unnamed sources, scientists have made an unprecedented discovery that will change everything we know about medicine...According to unnamed sources, scientists have made an unprecedented discovery that will change everything we know about medicine...",0
563,Local Council Approves New Infrastructure Project - 76,"The company reported revenues of $X million for Q3, representing a Y% increase compared to the same period last year...The company reported revenues of $X million for Q3, representing a Y% increase compared to the same period last year...",1
564,URGENT: Banks Will Collapse Tomorrow! 45,"Financial experts warn of imminent collapse, but mainstream media refuses to report the truth...Financial experts warn of imminent collapse, but mainstream media refuses to report the truth...Financial experts warn of imminent collapse, but mainstream media refuses to report the truth...Financial experts warn of imminent collapse, but mainstream media refuses to report the truth...",0
565,Tech Company Launches Updated Software Version - 18,"The company reported revenues of $X million for Q3, representing a Y% increase compared to the same period last year...The company reported revenues of $X million for Q3, representing a Y% increase compared to the same period last year...",1
566,Amazing: This One Trick Doctors Don't Want You to Know 46,"According to unnamed sources, scientists have made an unprecedented discovery that will change everything we know about medicine...According to unnamed sources, scientists have made an unprecedented discovery that will change everything we know about medicine...According to unnamed sources, scientists have made an unprecedented discovery that will change everything we know about medicine...According to unnamed sources, scientists have made an unprecedented discovery that will change everything we know about medicine...",0
567,Research Team Publishes Study on Climate Patterns - 98,Scientists at the research institute have made significant progress in understanding cancer cell behavior. The team...Scientists at the research institute have made significant progress in understanding cancer cell behavior. The team...Scientists at the research institute have made significant progress in understanding cancer cell behavior. The team...,1
568,WARNING: Your Phone is Spying on You Right Now! 74,"Financial experts warn of imminent collapse, but mainstream media refuses to report the truth...Financial experts warn of imminent collapse, but mainstream media refuses to report the truth...Financial experts warn of imminent collapse, but mainstream media refuses to report the truth...Financial experts warn of imminent collapse, but mainstream media refuses to report the truth...",0
569,Sports Team Wins Championship After Close Match - 36,Scientists at the research institute have made significant progress in understanding cancer cell behavior. The team...Scientists at the research institute have made significant progress in understanding cancer cell behavior. The team...Scientists at the research institute have made significant progress in understanding cancer cell behavior. The team...Scientists at the research institute have made significant progress in understanding cancer cell behavior. The team...,1
570,Unbelievable: Man Lives to 200 Years Using This Method 50,"According to unnamed sources, scientists have made an unprecedented discovery that will change everything we know about medicine...According to unnamed sources, scientists have made an unprecedented discovery that will change everything we know about medicine...",0
571,Tech Company Launches Updated Software Version - 55,"The new community center, located on Main Street, opened its doors to residents this week. Facilities include...The new community center, located on Main Street, opened its doors to residents this week. Facilities include...",1
572,Incredible: Free Money for Everyone Starting Next Week! 62,"According to unnamed sources, scientists have made an unprecedented discovery that will change everything we know about medicine...According to unnamed sources, scientists have made an unprecedented discovery that will change everything we know about medicine...",0
573,School District Implements New Education Program - 39,"The new community center, located on Main Street, opened its doors to residents this week. Facilities include...The new community center, located on Main Street, opened its doors to residents this week. Facilities include...",1
574,EXPOSED: The Real Truth Behind Recent Events 31,Investigation reveals disturbing connections between powerful figures and secretive organizations...Investigation reveals disturbing connections between powerful figures and secretive organizations...,0
575,University Researchers Make Progress in Cancer Study - 16,The city council voted 7-2 in favor of the new infrastructure project during Tuesday's meeting. The project includes...The city council voted 7-2 in favor of the new infrastructure project during Tuesday's meeting. The project includes...The city council voted 7-2 in favor of the new infrastructure project during Tuesday's meeting. The project includes...,1
576,Celebrity Secretly Controls World Government 1,"Financial experts warn of imminent collapse, but mainstream media refuses to report the truth...Financial experts warn of imminent collapse, but mainstream media refuses to report the truth...Financial experts warn of imminent collapse, but mainstream media refuses to report the truth...Financial experts warn of imminent collapse, but mainstream media refuses to report the truth...",0
577,City Opens New Community Center for Residents - 90,"The company reported revenues of $X million for Q3, representing a Y% increase compared to the same period last year...The company reported revenues of $X million for Q3, representing a Y% increase compared to the same period last year...The company reported revenues of $X million for Q3, representing a Y% increase compared to the same period last year...",1
578,Celebrity Secretly Controls World Government 100,Leaked documents reveal shocking information that governments worldwide have been hiding from the public for decades...Leaked documents reveal shocking information that governments worldwide have been hiding from the public for decades...,0
579,School District Implements New Education Program - 79,"The new community center, located on Main Street, opened its doors to residents this week. Facilities include...The new community center, located on Main Street, opened its doors to residents this week. Facilities include...The new community center, located on Main Street, opened its doors to residents this week. Facilities include...The new community center, located on Main Street, opened its doors to residents this week. Facilities include...",1
580,EXPOSED: The Real Truth Behind Recent Events 67,"According to unnamed sources, scientists have made an unprecedented discovery that will change everything we know about medicine...According to unnamed sources, scientists have made an unprecedented discovery that will change everything we know about medicine...",0
581,Research Team Publishes Study on Climate Patterns - 14,"The new community center, located on Main Street, opened its doors to residents this week. Facilities include...The new community center, located on Main Street, opened its doors to residents this week. Facilities include...The new community center, located on Main Street, opened its doors to residents this week. Facilities include...",1
582,WARNING: Your Phone is Spying on You Right Now! 78,"Financial experts warn of imminent collapse, but mainstream media refuses to report the truth...Financial experts warn of imminent collapse, but mainstream media refuses to report the truth...Financial experts warn of imminent collapse, but mainstream media refuses to report the truth...",0
583,Company Announces Quarterly Earnings Report - 76,Researchers at the university published their findings in the Journal of Climate Science. The study examined...Researchers at the university published their findings in the Journal of Climate Science. The study examined...Researchers at the university published their findings in the Journal of Climate Science. The study examined...,1
584,Unbelievable: Man Lives to 200 Years Using This Method 92,Investigation reveals disturbing connections between powerful figures and secretive organizations...Investigation reveals disturbing connections between powerful figures and secretive organizations...Investigation reveals disturbing connections between powerful figures and secretive organizations...,0
585,School District Implements New Education Program - 22,"The new community center, located on Main Street, opened its doors to residents this week. Facilities include...The new community center, located on Main Street, opened its doors to residents this week. Facilities include...",1
586,Amazing: This One Trick Doctors Don't Want You to Know 98,"According to unnamed sources, scientists have made an unprecedented discovery that will change everything we know about medicine...According to unnamed sources, scientists have made an unprecedented discovery that will change everything we know about medicine...According to unnamed sources, scientists have made an unprecedented discovery that will change everything we know about medicine...According to unnamed sources, scientists have made an unprecedented discovery that will change everything we know about medicine...",0
587,School District Implements New Education Program - 96,Scientists at the research institute have made significant progress in understanding cancer cell behavior. The team...Scientists at the research institute have made significant progress in understanding cancer cell behavior. The team...,1
588,BREAKING: Scientists Discover Cure for All Diseases! 13,"According to unnamed sources, scientists have made an unprecedented discovery that will change everything we know about medicine...According to unnamed sources, scientists have made an unprecedented discovery that will change everything we know about medicine...According to unnamed sources, scientists have made an unprecedented discovery that will change everything we know about medicine...",0
589,City Opens New Community Center for Residents - 48,Scientists at the research institute have made significant progress in understanding cancer cell behavior. The team...Scientists at the research institute have made significant progress in understanding cancer cell behavior. The team...Scientists at the research institute have made significant progress in understanding cancer cell behavior. The team...Scientists at the research institute have made significant progress in understanding cancer cell behavior. The team...,1
590,Incredible: Free Money for Everyone Starting Next Week! 5,"According to unnamed sources, scientists have made an unprecedented discovery that will change everything we know about medicine...According to unnamed sources, scientists have made an unprecedented discovery that will change everything we know about medicine...According to unnamed sources, scientists have made an unprecedented discovery that will change everything we know about medicine...According to unnamed sources, scientists have made an unprecedented discovery that will change everything we know about medicine...",0
591,City Opens New Community Center for Residents - 96,"The company reported revenues of $X million for Q3, representing a Y% increase compared to the same period last year...The company reported revenues of $X million for Q3, representing a Y% increase compared to the same period last year...",1
592,Amazing: This One Trick Doctors Don't Want You to Know 60,Leaked documents reveal shocking information that governments worldwide have been hiding from the public for decades...Leaked documents reveal shocking information that governments worldwide have been hiding from the public for decades...Leaked documents reveal shocking information that governments worldwide have been hiding from the public for decades...Leaked documents reveal shocking information that governments worldwide have been hiding from the public for decades...,0
593,Research Team Publishes Study on Climate Patterns - 94,Scientists at the research institute have made significant progress in understanding cancer cell behavior. The team...Scientists at the research institute have made significant progress in understanding cancer cell behavior. The team...Scientists at the research institute have made significant progress in understanding cancer cell behavior. The team...,1
594,Miracle Diet: Lose 50 Pounds in 1 Week! 19,"According to unnamed sources, scientists have made an unprecedented discovery that will change everything we know about medicine...According to unnamed sources, scientists have made an unprecedented discovery that will change everything we know about medicine...According to unnamed sources, scientists have made an unprecedented discovery that will change everything we know about medicine...According to unnamed sources, scientists have made an unprecedented discovery that will change everything we know about medicine...",0
595,University Researchers Make Progress in Cancer Study - 93,Researchers at the university published their findings in the Journal of Climate Science. The study examined...Researchers at the university published their findings in the Journal of Climate Science. The study examined...Researchers at the university published their findings in the Journal of Climate Science. The study examined...Researchers at the university published their findings in the Journal of Climate Science. The study examined...,1
596,BREAKING: Scientists Discover Cure for All Diseases! 40,"According to unnamed sources, scientists have made an unprecedented discovery that will change everything we know about medicine...According to unnamed sources, scientists have made an unprecedented discovery that will change everything we know about medicine...According to unnamed sources, scientists have made an unprecedented discovery that will change everything we know about medicine...According to unnamed sources, scientists have made an unprecedented discovery that will change everything we know about medicine...",0
597,Research Team Publishes Study on Climate Patterns - 58,The city council voted 7-2 in favor of the new infrastructure project during Tuesday's meeting. The project includes...The city council voted 7-2 in favor of the new infrastructure project during Tuesday's meeting. The project includes...The city council voted 7-2 in favor of the new infrastructure project during Tuesday's meeting. The project includes...The city council voted 7-2 in favor of the new infrastructure project during Tuesday's meeting. The project includes...,1
598,Miracle Diet: Lose 50 Pounds in 1 Week! 95,Doctors are furious about this simple trick that has helped thousands lose weight without any effort or exercise...Doctors are furious about this simple trick that has helped thousands lose weight without any effort or exercise...Doctors are furious about this simple trick that has helped thousands lose weight without any effort or exercise...,0
599,Research Team Publishes Study on Climate Patterns - 34,Researchers at the university published their findings in the Journal of Climate Science. The study examined...Researchers at the university published their findings in the Journal of Climate Science. The study examined...Researchers at the university published their findings in the Journal of Climate Science. The study examined...,1
600,URGENT: Banks Will Collapse Tomorrow! 49,"According to unnamed sources, scientists have made an unprecedented discovery that will change everything we know about medicine...According to unnamed sources, scientists have made an unprecedented discovery that will change everything we know about medicine...According to unnamed sources, scientists have made an unprecedented discovery that will change everything we know about medicine...According to unnamed sources, scientists have made an unprecedented discovery that will change everything we know about medicine...",0
601,Sports Team Wins Championship After Close Match - 58,"The new community center, located on Main Street, opened its doors to residents this week. Facilities include...The new community center, located on Main Street, opened its doors to residents this week. Facilities include...The new community center, located on Main Street, opened its doors to residents this week. Facilities include...The new community center, located on Main Street, opened its doors to residents this week. Facilities include...",1
602,Amazing: This One Trick Doctors Don't Want You to Know 26,Doctors are furious about this simple trick that has helped thousands lose weight without any effort or exercise...Doctors are furious about this simple trick that has helped thousands lose weight without any effort or exercise...,0
603,School District Implements New Education Program - 92,The city council voted 7-2 in favor of the new infrastructure project during Tuesday's meeting. The project includes...The city council voted 7-2 in favor of the new infrastructure project during Tuesday's meeting. The project includes...,1
604,Miracle Diet: Lose 50 Pounds in 1 Week! 83,"According to unnamed sources, scientists have made an unprecedented discovery that will change everything we know about medicine...According to unnamed sources, scientists have made an unprecedented discovery that will change everything we know about medicine...",0
605,Tech Company Launches Updated Software Version - 90,The city council voted 7-2 in favor of the new infrastructure project during Tuesday's meeting. The project includes...The city council voted 7-2 in favor of the new infrastructure project during Tuesday's meeting. The project includes...,1
606,Celebrity Secretly Controls World Government 24,"Financial experts warn of imminent collapse, but mainstream media refuses to report the truth...Financial experts warn of imminent collapse, but mainstream media refuses to report the truth...",0
607,Government Releases Annual Budget Proposal - 28,"The new community center, located on Main Street, opened its doors to residents this week. Facilities include...The new community center, located on Main Street, opened its doors to residents this week. Facilities include...",1
608,Amazing: This One Trick Doctors Don't Want You to Know 1,Investigation reveals disturbing connections between powerful figures and secretive organizations...Investigation reveals disturbing connections between powerful figures and secretive organizations...Investigation reveals disturbing connections between powerful figures and secretive organizations...Investigation reveals disturbing connections between powerful figures and secretive organizations...,0
609,Company Announces Quarterly Earnings Report - 60,"The company reported revenues of $X million for Q3, representing a Y% increase compared to the same period last year...The company reported revenues of $X million for Q3, representing a Y% increase compared to the same period last year...",1
610,Incredible: Free Money for Everyone Starting Next Week! 58,Leaked documents reveal shocking information that governments worldwide have been hiding from the public for decades...Leaked documents reveal shocking information that governments worldwide have been hiding from the public for decades...,0
611,Research Team Publishes Study on Climate Patterns - 78,"The new community center, located on Main Street, opened its doors to residents this week. Facilities include...The new community center, located on Main Street, opened its doors to residents this week. Facilities include...The new community center, located on Main Street, opened its doors to residents this week. Facilities include...The new community center, located on Main Street, opened its doors to residents this week. Facilities include...",1
612,Shocking Truth: Government Hiding Alien Contact 12,Leaked documents reveal shocking information that governments worldwide have been hiding from the public for decades...Leaked documents reveal shocking information that governments worldwide have been hiding from the public for decades...Leaked documents reveal shocking information that governments worldwide have been hiding from the public for decades...,0
613,City Opens New Community Center for Residents - 64,The city council voted 7-2 in favor of the new infrastructure project during Tuesday's meeting. The project includes...The city council voted 7-2 in favor of the new infrastructure project during Tuesday's meeting. The project includes...The city council voted 7-2 in favor of the new infrastructure project during Tuesday's meeting. The project includes...,1
614,EXPOSED: The Real Truth Behind Recent Events 43,"According to unnamed sources, scientists have made an unprecedented discovery that will change everything we know about medicine...According to unnamed sources, scientists have made an unprecedented discovery that will change everything we know about medicine...According to unnamed sources, scientists have made an unprecedented discovery that will change everything we know about medicine...According to unnamed sources, scientists have made an unprecedented discovery that will change everything we know about medicine...",0
615,Research Team Publishes Study on Climate Patterns - 16,The city council voted 7-2 in favor of the new infrastructure project during Tuesday's meeting. The project includes...The city council voted 7-2 in favor of the new infrastructure project during Tuesday's meeting. The project includes...The city council voted 7-2 in favor of the new infrastructure project during Tuesday's meeting. The project includes...,1
616,Incredible: Free Money for Everyone Starting Next Week! 94,Investigation reveals disturbing connections between powerful figures and secretive organizations...Investigation reveals disturbing connections between powerful figures and secretive organizations...Investigation reveals disturbing connections between powerful figures and secretive organizations...Investigation reveals disturbing connections between powerful figures and secretive organizations...,0
617,Company Announces Quarterly Earnings Report - 19,The city council voted 7-2 in favor of the new infrastructure project during Tuesday's meeting. The project includes...The city council voted 7-2 in favor of the new infrastructure project during Tuesday's meeting. The project includes...The city council voted 7-2 in favor of the new infrastructure project during Tuesday's meeting. The project includes...,1
618,URGENT: Banks Will Collapse Tomorrow! 21,"Financial experts warn of imminent collapse, but mainstream media refuses to report the truth...Financial experts warn of imminent collapse, but mainstream media refuses to report the truth...",0
619,University Researchers Make Progress in Cancer Study - 68,"The new community center, located on Main Street, opened its doors to residents this week. Facilities include...The new community center, located on Main Street, opened its doors to residents this week. Facilities include...The new community center, located on Main Street, opened its doors to residents this week. Facilities include...The new community center, located on Main Street, opened its doors to residents this week. Facilities include...",1
620,Celebrity Secretly Controls World Government 91,Investigation reveals disturbing connections between powerful figures and secretive organizations...Investigation reveals disturbing connections between powerful figures and secretive organizations...Investigation reveals disturbing connections between powerful figures and secretive organizations...,0
621,Sports Team Wins Championship After Close Match - 13,The city council voted 7-2 in favor of the new infrastructure project during Tuesday's meeting. The project includes...The city council voted 7-2 in favor of the new infrastructure project during Tuesday's meeting. The project includes...,1
622,Incredible: Free Money for Everyone Starting Next Week! 3,Doctors are furious about this simple trick that has helped thousands lose weight without any effort or exercise...Doctors are furious about this simple trick that has helped thousands lose weight without any effort or exercise...,0
623,Company Announces Quarterly Earnings Report - 90,"The new community center, located on Main Street, opened its doors to residents this week. Facilities include...The new community center, located on Main Street, opened its doors to residents this week. Facilities include...",1
624,URGENT: Banks Will Collapse Tomorrow! 76,Investigation reveals disturbing connections between powerful figures and secretive organizations...Investigation reveals disturbing connections between powerful figures and secretive organizations...,0
625,Museum Hosts Exhibition of Historical Artifacts - 7,Researchers at the university published their findings in the Journal of Climate Science. The study examined...Researchers at the university published their findings in the Journal of Climate Science. The study examined...Researchers at the university published their findings in the Journal of Climate Science. The study examined...,1
626,Unbelievable: Man Lives to 200 Years Using This Method 26,Leaked documents reveal shocking information that governments worldwide have been hiding from the public for decades...Leaked documents reveal shocking information that governments worldwide have been hiding from the public for decades...,0
627,Tech Company Launches Updated Software Version - 95,Researchers at the university published their findings in the Journal of Climate Science. The study examined...Researchers at the university published their findings in the Journal of Climate Science. The study examined...Researchers at the university published their findings in the Journal of Climate Science. The study examined...Researchers at the university published their findings in the Journal of Climate Science. The study examined...,1
628,WARNING: Your Phone is Spying on You Right Now! 20,Doctors are furious about this simple trick that has helped thousands lose weight without any effort or exercise...Doctors are furious about this simple trick that has helped thousands lose weight without any effort or exercise...Doctors are furious about this simple trick that has helped thousands lose weight without any effort or exercise...,0
629,Sports Team Wins Championship After Close Match - 14,Scientists at the research institute have made significant progress in understanding cancer cell behavior. The team...Scientists at the research institute have made significant progress in understanding cancer cell behavior. The team...Scientists at the research institute have made significant progress in understanding cancer cell behavior. The team...,1
630,Shocking Truth: Government Hiding Alien Contact 74,Leaked documents reveal shocking information that governments worldwide have been hiding from the public for decades...Leaked documents reveal shocking information that governments worldwide have been hiding from the public for decades...Leaked documents reveal shocking information that governments worldwide have been hiding from the public for decades...,0
631,Research Team Publishes Study on Climate Patterns - 23,"The new community center, located on Main Street, opened its doors to residents this week. Facilities include...The new community center, located on Main Street, opened its doors to residents this week. Facilities include...The new community center, located on Main Street, opened its doors to residents this week. Facilities include...",1
632,Amazing: This One Trick Doctors Don't Want You to Know 99,"According to unnamed sources, scientists have made an unprecedented discovery that will change everything we know about medicine...According to unnamed sources, scientists have made an unprecedented discovery that will change everything we know about medicine...",0
633,Sports Team Wins Championship After Close Match - 96,"The company reported revenues of $X million for Q3, representing a Y% increase compared to the same period last year...The company reported revenues of $X million for Q3, representing a Y% increase compared to the same period last year...The company reported revenues of $X million for Q3, representing a Y% increase compared to the same period last year...The company reported revenues of $X million for Q3, representing a Y% increase compared to the same period last year...",1
634,Unbelievable: Man Lives to 200 Years Using This Method 65,Investigation reveals disturbing connections between powerful figures and secretive organizations...Investigation reveals disturbing connections between powerful figures and secretive organizations...,0
635,Museum Hosts Exhibition of Historical Artifacts - 92,"The new community center, located on Main Street, opened its doors to residents this week. Facilities include...The new community center, located on Main Street, opened its doors to residents this week. Facilities include...The new community center, located on Main Street, opened its doors to residents this week. Facilities include...The new community center, located on Main Street, opened its doors to residents this week. Facilities include...",1
636,Amazing: This One Trick Doctors Don't Want You to Know 91,Investigation reveals disturbing connections between powerful figures and secretive organizations...Investigation reveals disturbing connections between powerful figures and secretive organizations...,0
637,Museum Hosts Exhibition of Historical Artifacts - 84,Scientists at the research institute have made significant progress in understanding cancer cell behavior. The team...Scientists at the research institute have made significant progress in understanding cancer cell behavior. The team...Scientists at the research institute have made significant progress in understanding cancer cell behavior. The team...,1
638,Unbelievable: Man Lives to 200 Years Using This Method 35,Investigation reveals disturbing connections between powerful figures and secretive organizations...Investigation reveals disturbing connections between powerful figures and secretive organizations...Investigation reveals disturbing connections between powerful figures and secretive organizations...Investigation reveals disturbing connections between powerful figures and secretive organizations...,0
639,Research Team Publishes Study on Climate Patterns - 59,Scientists at the research institute have made significant progress in understanding cancer cell behavior. The team...Scientists at the research institute have made significant progress in understanding cancer cell behavior. The team...,1
640,Shocking Truth: Government Hiding Alien Contact 82,"According to unnamed sources, scientists have made an unprecedented discovery that will change everything we know about medicine...According to unnamed sources, scientists have made an unprecedented discovery that will change everything we know about medicine...",0
641,School District Implements New Education Program - 98,The city council voted 7-2 in favor of the new infrastructure project during Tuesday's meeting. The project includes...The city council voted 7-2 in favor of the new infrastructure project during Tuesday's meeting. The project includes...The city council voted 7-2 in favor of the new infrastructure project during Tuesday's meeting. The project includes...The city council voted 7-2 in favor of the new infrastructure project during Tuesday's meeting. The project includes...,1
642,Shocking Truth: Government Hiding Alien Contact 28,Leaked documents reveal shocking information that governments worldwide have been hiding from the public for decades...Leaked documents reveal shocking information that governments worldwide have been hiding from the public for decades...Leaked documents reveal shocking information that governments worldwide have been hiding from the public for decades...Leaked documents reveal shocking information that governments worldwide have been hiding from the public for decades...,0
643,University Researchers Make Progress in Cancer Study - 97,The city council voted 7-2 in favor of the new infrastructure project during Tuesday's meeting. The project includes...The city council voted 7-2 in favor of the new infrastructure project during Tuesday's meeting. The project includes...The city council voted 7-2 in favor of the new infrastructure project during Tuesday's meeting. The project includes...,1
644,Miracle Diet: Lose 50 Pounds in 1 Week! 68,"According to unnamed sources, scientists have made an unprecedented discovery that will change everything we know about medicine...According to unnamed sources, scientists have made an unprecedented discovery that will change everything we know about medicine...According to unnamed sources, scientists have made an unprecedented discovery that will change everything we know about medicine...",0
645,University Researchers Make Progress in Cancer Study - 5,Scientists at the research institute have made significant progress in understanding cancer cell behavior. The team...Scientists at the research institute have made significant progress in understanding cancer cell behavior. The team...Scientists at the research institute have made significant progress in understanding cancer cell behavior. The team...Scientists at the research institute have made significant progress in understanding cancer cell behavior. The team...,1
646,Amazing: This One Trick Doctors Don't Want You to Know 72,Leaked documents reveal shocking information that governments worldwide have been hiding from the public for decades...Leaked documents reveal shocking information that governments worldwide have been hiding from the public for decades...,0
647,Government Releases Annual Budget Proposal - 14,"The new community center, located on Main Street, opened its doors to residents this week. Facilities include...The new community center, located on Main Street, opened its doors to residents this week. Facilities include...The new community center, located on Main Street, opened its doors to residents this week. Facilities include...",1
648,WARNING: Your Phone is Spying on You Right Now! 100,"According to unnamed sources, scientists have made an unprecedented discovery that will change everything we know about medicine...According to unnamed sources, scientists have made an unprecedented discovery that will change everything we know about medicine...",0
649,University Researchers Make Progress in Cancer Study - 53,"The company reported revenues of $X million for Q3, representing a Y% increase compared to the same period last year...The company reported revenues of $X million for Q3, representing a Y% increase compared to the same period last year...",1
650,Shocking Truth: Government Hiding Alien Contact 3,"According to unnamed sources, scientists have made an unprecedented discovery that will change everything we know about medicine...According to unnamed sources, scientists have made an unprecedented discovery that will change everything we know about medicine...According to unnamed sources, scientists have made an unprecedented discovery that will change everything we know about medicine...",0
651,City Opens New Community Center for Residents - 60,"The new community center, located on Main Street, opened its doors to residents this week. Facilities include...The new community center, located on Main Street, opened its doors to residents this week. Facilities include...",1
652,Incredible: Free Money for Everyone Starting Next Week! 76,"Financial experts warn of imminent collapse, but mainstream media refuses to report the truth...Financial experts warn of imminent collapse, but mainstream media refuses to report the truth...",0
653,School District Implements New Education Program - 37,The city council voted 7-2 in favor of the new infrastructure project during Tuesday's meeting. The project includes...The city council voted 7-2 in favor of the new infrastructure project during Tuesday's meeting. The project includes...,1
654,BREAKING: Scientists Discover Cure for All Diseases! 92,"According to unnamed sources, scientists have made an unprecedented discovery that will change everything we know about medicine...According to unnamed sources, scientists have made an unprecedented discovery that will change everything we know about medicine...According to unnamed sources, scientists have made an unprecedented discovery that will change everything we know about medicine...According to unnamed sources, scientists have made an unprecedented discovery that will change everything we know about medicine...",0
655,Research Team Publishes Study on Climate Patterns - 30,The city council voted 7-2 in favor of the new infrastructure project during Tuesday's meeting. The project includes...The city council voted 7-2 in favor of the new infrastructure project during Tuesday's meeting. The project includes...,1
656,EXPOSED: The Real Truth Behind Recent Events 40,"According to unnamed sources, scientists have made an unprecedented discovery that will change everything we know about medicine...According to unnamed sources, scientists have made an unprecedented discovery that will change everything we know about medicine...According to unnamed sources, scientists have made an unprecedented discovery that will change everything we know about medicine...",0
657,Company Announces Quarterly Earnings Report - 58,The city council voted 7-2 in favor of the new infrastructure project during Tuesday's meeting. The project includes...The city council voted 7-2 in favor of the new infrastructure project during Tuesday's meeting. The project includes...,1
658,Miracle Diet: Lose 50 Pounds in 1 Week! 84,Investigation reveals disturbing connections between powerful figures and secretive organizations...Investigation reveals disturbing connections between powerful figures and secretive organizations...Investigation reveals disturbing connections between powerful figures and secretive organizations...,0
659,Government Releases Annual Budget Proposal - 7,"The new community center, located on Main Street, opened its doors to residents this week. Facilities include...The new community center, located on Main Street, opened its doors to residents this week. Facilities include...The new community center, located on Main Street, opened its doors to residents this week. Facilities include...",1
660,BREAKING: Scientists Discover Cure for All Diseases! 29,"According to unnamed sources, scientists have made an unprecedented discovery that will change everything we know about medicine...According to unnamed sources, scientists have made an unprecedented discovery that will change everything we know about medicine...According to unnamed sources, scientists have made an unprecedented discovery that will change everything we know about medicine...According to unnamed sources, scientists have made an unprecedented discovery that will change everything we know about medicine...",0
661,City Opens New Community Center for Residents - 73,Scientists at the research institute have made significant progress in understanding cancer cell behavior. The team...Scientists at the research institute have made significant progress in understanding cancer cell behavior. The team...,1
662,Celebrity Secretly Controls World Government 68,"According to unnamed sources, scientists have made an unprecedented discovery that will change everything we know about medicine...According to unnamed sources, scientists have made an unprecedented discovery that will change everything we know about medicine...",0
663,University Researchers Make Progress in Cancer Study - 76,"The company reported revenues of $X million for Q3, representing a Y% increase compared to the same period last year...The company reported revenues of $X million for Q3, representing a Y% increase compared to the same period last year...",1
664,BREAKING: Scientists Discover Cure for All Diseases! 68,"Financial experts warn of imminent collapse, but mainstream media refuses to report the truth...Financial experts warn of imminent collapse, but mainstream media refuses to report the truth...Financial experts warn of imminent collapse, but mainstream media refuses to report the truth...",0
665,Sports Team Wins Championship After Close Match - 39,"The new community center, located on Main Street, opened its doors to residents this week. Facilities include...The new community center, located on Main Street, opened its doors to residents this week. Facilities include...The new community center, located on Main Street, opened its doors to residents this week. Facilities include...",1
666,Miracle Diet: Lose 50 Pounds in 1 Week! 25,Doctors are furious about this simple trick that has helped thousands lose weight without any effort or exercise...Doctors are furious about this simple trick that has helped thousands lose weight without any effort or exercise...Doctors are furious about this simple trick that has helped thousands lose weight without any effort or exercise...Doctors are furious about this simple trick that has helped thousands lose weight without any effort or exercise...,0
667,Government Releases Annual Budget Proposal - 76,Researchers at the university published their findings in the Journal of Climate Science. The study examined...Researchers at the university published their findings in the Journal of Climate Science. The study examined...Researchers at the university published their findings in the Journal of Climate Science. The study examined...Researchers at the university published their findings in the Journal of Climate Science. The study examined...,1
668,Amazing: This One Trick Doctors Don't Want You to Know 27,Leaked documents reveal shocking information that governments worldwide have been hiding from the public for decades...Leaked documents reveal shocking information that governments worldwide have been hiding from the public for decades...,0
669,Tech Company Launches Updated Software Version - 39,Researchers at the university published their findings in the Journal of Climate Science. The study examined...Researchers at the university published their findings in the Journal of Climate Science. The study examined...Researchers at the university published their findings in the Journal of Climate Science. The study examined...Researchers at the university published their findings in the Journal of Climate Science. The study examined...,1
670,Amazing: This One Trick Doctors Don't Want You to Know 97,"Financial experts warn of imminent collapse, but mainstream media refuses to report the truth...Financial experts warn of imminent collapse, but mainstream media refuses to report the truth...Financial experts warn of imminent collapse, but mainstream media refuses to report the truth...Financial experts warn of imminent collapse, but mainstream media refuses to report the truth...",0
671,Sports Team Wins Championship After Close Match - 62,"The new community center, located on Main Street, opened its doors to residents this week. Facilities include...The new community center, located on Main Street, opened its doors to residents this week. Facilities include...The new community center, located on Main Street, opened its doors to residents this week. Facilities include...",1
672,Shocking Truth: Government Hiding Alien Contact 38,"Financial experts warn of imminent collapse, but mainstream media refuses to report the truth...Financial experts warn of imminent collapse, but mainstream media refuses to report the truth...Financial experts warn of imminent collapse, but mainstream media refuses to report the truth...Financial experts warn of imminent collapse, but mainstream media refuses to report the truth...",0
673,School District Implements New Education Program - 36,The city council voted 7-2 in favor of the new infrastructure project during Tuesday's meeting. The project includes...The city council voted 7-2 in favor of the new infrastructure project during Tuesday's meeting. The project includes...,1
674,WARNING: Your Phone is Spying on You Right Now! 17,Investigation reveals disturbing connections between powerful figures and secretive organizations...Investigation reveals disturbing connections between powerful figures and secretive organizations...Investigation reveals disturbing connections between powerful figures and secretive organizations...Investigation reveals disturbing connections between powerful figures and secretive organizations...,0
675,Company Announces Quarterly Earnings Report - 81,The city council voted 7-2 in favor of the new infrastructure project during Tuesday's meeting. The project includes...The city council voted 7-2 in favor of the new infrastructure project during Tuesday's meeting. The project includes...The city council voted 7-2 in favor of the new infrastructure project during Tuesday's meeting. The project includes...,1
676,Unbelievable: Man Lives to 200 Years Using This Method 18,"Financial experts warn of imminent collapse, but mainstream media refuses to report the truth...Financial experts warn of imminent collapse, but mainstream media refuses to report the truth...",0
677,Company Announces Quarterly Earnings Report - 48,The city council voted 7-2 in favor of the new infrastructure project during Tuesday's meeting. The project includes...The city council voted 7-2 in favor of the new infrastructure project during Tuesday's meeting. The project includes...The city council voted 7-2 in favor of the new infrastructure project during Tuesday's meeting. The project includes...The city council voted 7-2 in favor of the new infrastructure project during Tuesday's meeting. The project includes...,1
678,Unbelievable: Man Lives to 200 Years Using This Method 92,Doctors are furious about this simple trick that has helped thousands lose weight without any effort or exercise...Doctors are furious about this simple trick that has helped thousands lose weight without any effort or exercise...Doctors are furious about this simple trick that has helped thousands lose weight without any effort or exercise...Doctors are furious about this simple trick that has helped thousands lose weight without any effort or exercise...,0
679,Government Releases Annual Budget Proposal - 20,"The new community center, located on Main Street, opened its doors to residents this week. Facilities include...The new community center, located on Main Street, opened its doors to residents this week. Facilities include...The new community center, located on Main Street, opened its doors to residents this week. Facilities include...",1
680,Incredible: Free Money for Everyone Starting Next Week! 5,Investigation reveals disturbing connections between powerful figures and secretive organizations...Investigation reveals disturbing connections between powerful figures and secretive organizations...Investigation reveals disturbing connections between powerful figures and secretive organizations...Investigation reveals disturbing connections between powerful figures and secretive organizations...,0
681,University Researchers Make Progress in Cancer Study - 3,Researchers at the university published their findings in the Journal of Climate Science. The study examined...Researchers at the university published their findings in the Journal of Climate Science. The study examined...,1
682,WARNING: Your Phone is Spying on You Right Now! 54,"Financial experts warn of imminent collapse, but mainstream media refuses to report the truth...Financial experts warn of imminent collapse, but mainstream media refuses to report the truth...Financial experts warn of imminent collapse, but mainstream media refuses to report the truth...Financial experts warn of imminent collapse, but mainstream media refuses to report the truth...",0
683,School District Implements New Education Program - 74,"The new community center, located on Main Street, opened its doors to residents this week. Facilities include...The new community center, located on Main Street, opened its doors to residents this week. Facilities include...The new community center, located on Main Street, opened its doors to residents this week. Facilities include...The new community center, located on Main Street, opened its doors to residents this week. Facilities include...",1
684,Amazing: This One Trick Doctors Don't Want You to Know 20,Leaked documents reveal shocking information that governments worldwide have been hiding from the public for decades...Leaked documents reveal shocking information that governments worldwide have been hiding from the public for decades...Leaked documents reveal shocking information that governments worldwide have been hiding from the public for decades...Leaked documents reveal shocking information that governments worldwide have been hiding from the public for decades...,0
685,Research Team Publishes Study on Climate Patterns - 22,"The company reported revenues of $X million for Q3, representing a Y% increase compared to the same period last year...The company reported revenues of $X million for Q3, representing a Y% increase compared to the same period last year...",1
686,Unbelievable: Man Lives to 200 Years Using This Method 35,"According to unnamed sources, scientists have made an unprecedented discovery that will change everything we know about medicine...According to unnamed sources, scientists have made an unprecedented discovery that will change everything we know about medicine...According to unnamed sources, scientists have made an unprecedented discovery that will change everything we know about medicine...",0
687,Research Team Publishes Study on Climate Patterns - 67,Researchers at the university published their findings in the Journal of Climate Science. The study examined...Researchers at the university published their findings in the Journal of Climate Science. The study examined...Researchers at the university published their findings in the Journal of Climate Science. The study examined...Researchers at the university published their findings in the Journal of Climate Science. The study examined...,1
688,Incredible: Free Money for Everyone Starting Next Week! 49,"Financial experts warn of imminent collapse, but mainstream media refuses to report the truth...Financial experts warn of imminent collapse, but mainstream media refuses to report the truth...Financial experts warn of imminent collapse, but mainstream media refuses to report the truth...",0
689,Museum Hosts Exhibition of Historical Artifacts - 31,Scientists at the research institute have made significant progress in understanding cancer cell behavior. The team...Scientists at the research institute have made significant progress in understanding cancer cell behavior. The team...Scientists at the research institute have made significant progress in understanding cancer cell behavior. The team...Scientists at the research institute have made significant progress in understanding cancer cell behavior. The team...,1
690,WARNING: Your Phone is Spying on You Right Now! 37,Investigation reveals disturbing connections between powerful figures and secretive organizations...Investigation reveals disturbing connections between powerful figures and secretive organizations...Investigation reveals disturbing connections between powerful figures and secretive organizations...,0
691,Research Team Publishes Study on Climate Patterns - 61,The city council voted 7-2 in favor of the new infrastructure project during Tuesday's meeting. The project includes...The city council voted 7-2 in favor of the new infrastructure project during Tuesday's meeting. The project includes...The city council voted 7-2 in favor of the new infrastructure project during Tuesday's meeting. The project includes...The city council voted 7-2 in favor of the new infrastructure project during Tuesday's meeting. The project includes...,1
692,Unbelievable: Man Lives to 200 Years Using This Method 74,"Financial experts warn of imminent collapse, but mainstream media refuses to report the truth...Financial experts warn of imminent collapse, but mainstream media refuses to report the truth...Financial experts warn of imminent collapse, but mainstream media refuses to report the truth...Financial experts warn of imminent collapse, but mainstream media refuses to report the truth...",0
693,Sports Team Wins Championship After Close Match - 54,"The company reported revenues of $X million for Q3, representing a Y% increase compared to the same period last year...The company reported revenues of $X million for Q3, representing a Y% increase compared to the same period last year...",1
694,Miracle Diet: Lose 50 Pounds in 1 Week! 95,Investigation reveals disturbing connections between powerful figures and secretive organizations...Investigation reveals disturbing connections between powerful figures and secretive organizations...Investigation reveals disturbing connections between powerful figures and secretive organizations...Investigation reveals disturbing connections between powerful figures and secretive organizations...,0
695,Company Announces Quarterly Earnings Report - 65,The city council voted 7-2 in favor of the new infrastructure project during Tuesday's meeting. The project includes...The city council voted 7-2 in favor of the new infrastructure project during Tuesday's meeting. The project includes...The city council voted 7-2 in favor of the new infrastructure project during Tuesday's meeting. The project includes...,1
696,Amazing: This One Trick Doctors Don't Want You to Know 41,Investigation reveals disturbing connections between powerful figures and secretive organizations...Investigation reveals disturbing connections between powerful figures and secretive organizations...,0
697,City Opens New Community Center for Residents - 72,"The company reported revenues of $X million for Q3, representing a Y% increase compared to the same period last year...The company reported revenues of $X million for Q3, representing a Y% increase compared to the same period last year...The company reported revenues of $X million for Q3, representing a Y% increase compared to the same period last year...",1
698,WARNING: Your Phone is Spying on You Right Now! 9,Leaked documents reveal shocking information that governments worldwide have been hiding from the public for decades...Leaked documents reveal shocking information that governments worldwide have been hiding from the public for decades...,0
699,Company Announces Quarterly Earnings Report - 75,Scientists at the research institute have made significant progress in understanding cancer cell behavior. The team...Scientists at the research institute have made significant progress in understanding cancer cell behavior. The team...Scientists at the research institute have made significant progress in understanding cancer cell behavior. The team...,1
700,URGENT: Banks Will Collapse Tomorrow! 17,Leaked documents reveal shocking information that governments worldwide have been hiding from the public for decades...Leaked documents reveal shocking information that governments worldwide have been hiding from the public for decades...,0
701,Company Announces Quarterly Earnings Report - 84,"The new community center, located on Main Street, opened its doors to residents this week. Facilities include...The new community center, located on Main Street, opened its doors to residents this week. Facilities include...The new community center, located on Main Street, opened its doors to residents this week. Facilities include...",1
702,Amazing: This One Trick Doctors Don't Want You to Know 85,"According to unnamed sources, scientists have made an unprecedented discovery that will change everything we know about medicine...According to unnamed sources, scientists have made an unprecedented discovery that will change everything we know about medicine...According to unnamed sources, scientists have made an unprecedented discovery that will change everything we know about medicine...According to unnamed sources, scientists have made an unprecedented discovery that will change everything we know about medicine...",0
703,Government Releases Annual Budget Proposal - 84,The city council voted 7-2 in favor of the new infrastructure project during Tuesday's meeting. The project includes...The city council voted 7-2 in favor of the new infrastructure project during Tuesday's meeting. The project includes...The city council voted 7-2 in favor of the new infrastructure project during Tuesday's meeting. The project includes...The city council voted 7-2 in favor of the new infrastructure project during Tuesday's meeting. The project includes...,1
704,EXPOSED: The Real Truth Behind Recent Events 24,"According to unnamed sources, scientists have made an unprecedented discovery that will change everything we know about medicine...According to unnamed sources, scientists have made an unprecedented discovery that will change everything we know about medicine...According to unnamed sources, scientists have made an unprecedented discovery that will change everything we know about medicine...",0
705,Research Team Publishes Study on Climate Patterns - 63,The city council voted 7-2 in favor of the new infrastructure project during Tuesday's meeting. The project includes...The city council voted 7-2 in favor of the new infrastructure project during Tuesday's meeting. The project includes...,1
706,WARNING: Your Phone is Spying on You Right Now! 83,"According to unnamed sources, scientists have made an unprecedented discovery that will change everything we know about medicine...According to unnamed sources, scientists have made an unprecedented discovery that will change everything we know about medicine...",0
707,City Opens New Community Center for Residents - 9,Researchers at the university published their findings in the Journal of Climate Science. The study examined...Researchers at the university published their findings in the Journal of Climate Science. The study examined...Researchers at the university published their findings in the Journal of Climate Science. The study examined...,1
708,EXPOSED: The Real Truth Behind Recent Events 11,Leaked documents reveal shocking information that governments worldwide have been hiding from the public for decades...Leaked documents reveal shocking information that governments worldwide have been hiding from the public for decades...,0
709,Local Council Approves New Infrastructure Project - 9,Researchers at the university published their findings in the Journal of Climate Science. The study examined...Researchers at the university published their findings in the Journal of Climate Science. The study examined...,1
710,Unbelievable: Man Lives to 200 Years Using This Method 69,Investigation reveals disturbing connections between powerful figures and secretive organizations...Investigation reveals disturbing connections between powerful figures and secretive organizations...Investigation reveals disturbing connections between powerful figures and secretive organizations...,0
711,Government Releases Annual Budget Proposal - 23,"The new community center, located on Main Street, opened its doors to residents this week. Facilities include...The new community center, located on Main Street, opened its doors to residents this week. Facilities include...The new community center, located on Main Street, opened its doors to residents this week. Facilities include...The new community center, located on Main Street, opened its doors to residents this week. Facilities include...",1
712,Celebrity Secretly Controls World Government 94,"Financial experts warn of imminent collapse, but mainstream media refuses to report the truth...Financial experts warn of imminent collapse, but mainstream media refuses to report the truth...",0
713,School District Implements New Education Program - 61,"The company reported revenues of $X million for Q3, representing a Y% increase compared to the same period last year...The company reported revenues of $X million for Q3, representing a Y% increase compared to the same period last year...The company reported revenues of $X million for Q3, representing a Y% increase compared to the same period last year...",1
714,Amazing: This One Trick Doctors Don't Want You to Know 73,Doctors are furious about this simple trick that has helped thousands lose weight without any effort or exercise...Doctors are furious about this simple trick that has helped thousands lose weight without any effort or exercise...Doctors are furious about this simple trick that has helped thousands lose weight without any effort or exercise...,0
715,Museum Hosts Exhibition of Historical Artifacts - 2,"The new community center, located on Main Street, opened its doors to residents this week. Facilities include...The new community center, located on Main Street, opened its doors to residents this week. Facilities include...The new community center, located on Main Street, opened its doors to residents this week. Facilities include...",1
716,Shocking Truth: Government Hiding Alien Contact 36,Investigation reveals disturbing connections between powerful figures and secretive organizations...Investigation reveals disturbing connections between powerful figures and secretive organizations...,0
717,Tech Company Launches Updated Software Version - 87,Researchers at the university published their findings in the Journal of Climate Science. The study examined...Researchers at the university published their findings in the Journal of Climate Science. The study examined...,1
718,URGENT: Banks Will Collapse Tomorrow! 13,Doctors are furious about this simple trick that has helped thousands lose weight without any effort or exercise...Doctors are furious about this simple trick that has helped thousands lose weight without any effort or exercise...Doctors are furious about this simple trick that has helped thousands lose weight without any effort or exercise...Doctors are furious about this simple trick that has helped thousands lose weight without any effort or exercise...,0
719,Company Announces Quarterly Earnings Report - 97,Scientists at the research institute have made significant progress in understanding cancer cell behavior. The team...Scientists at the research institute have made significant progress in understanding cancer cell behavior. The team...,1
720,BREAKING: Scientists Discover Cure for All Diseases! 12,Investigation reveals disturbing connections between powerful figures and secretive organizations...Investigation reveals disturbing connections between powerful figures and secretive organizations...Investigation reveals disturbing connections between powerful figures and secretive organizations...,0
721,University Researchers Make Progress in Cancer Study - 56,Scientists at the research institute have made significant progress in understanding cancer cell behavior. The team...Scientists at the research institute have made significant progress in understanding cancer cell behavior. The team...,1
722,Miracle Diet: Lose 50 Pounds in 1 Week! 4,"Financial experts warn of imminent collapse, but mainstream media refuses to report the truth...Financial experts warn of imminent collapse, but mainstream media refuses to report the truth...Financial experts warn of imminent collapse, but mainstream media refuses to report the truth...Financial experts warn of imminent collapse, but mainstream media refuses to report the truth...",0
723,Local Council Approves New Infrastructure Project - 94,"The company reported revenues of $X million for Q3, representing a Y% increase compared to the same period last year...The company reported revenues of $X million for Q3, representing a Y% increase compared to the same period last year...The company reported revenues of $X million for Q3, representing a Y% increase compared to the same period last year...The company reported revenues of $X million for Q3, representing a Y% increase compared to the same period last year...",1
724,URGENT: Banks Will Collapse Tomorrow! 28,Doctors are furious about this simple trick that has helped thousands lose weight without any effort or exercise...Doctors are furious about this simple trick that has helped thousands lose weight without any effort or exercise...Doctors are furious about this simple trick that has helped thousands lose weight without any effort or exercise...Doctors are furious about this simple trick that has helped thousands lose weight without any effort or exercise...,0
725,Company Announces Quarterly Earnings Report - 43,"The new community center, located on Main Street, opened its doors to residents this week. Facilities include...The new community center, located on Main Street, opened its doors to residents this week. Facilities include...The new community center, located on Main Street, opened its doors to residents this week. Facilities include...",1
726,EXPOSED: The Real Truth Behind Recent Events 13,Investigation reveals disturbing connections between powerful figures and secretive organizations...Investigation reveals disturbing connections between powerful figures and secretive organizations...,0
727,Local Council Approves New Infrastructure Project - 27,"The new community center, located on Main Street, opened its doors to residents this week. Facilities include...The new community center, located on Main Street, opened its doors to residents this week. Facilities include...",1
728,Celebrity Secretly Controls World Government 52,Investigation reveals disturbing connections between powerful figures and secretive organizations...Investigation reveals disturbing connections between powerful figures and secretive organizations...Investigation reveals disturbing connections between powerful figures and secretive organizations...Investigation reveals disturbing connections between powerful figures and secretive organizations...,0
729,Museum Hosts Exhibition of Historical Artifacts - 89,"The new community center, located on Main Street, opened its doors to residents this week. Facilities include...The new community center, located on Main Street, opened its doors to residents this week. Facilities include...The new community center, located on Main Street, opened its doors to residents this week. Facilities include...",1
730,Amazing: This One Trick Doctors Don't Want You to Know 72,Leaked documents reveal shocking information that governments worldwide have been hiding from the public for decades...Leaked documents reveal shocking information that governments worldwide have been hiding from the public for decades...Leaked documents reveal shocking information that governments worldwide have been hiding from the public for decades...Leaked documents reveal shocking information that governments worldwide have been hiding from the public for decades...,0
731,School District Implements New Education Program - 33,"The new community center, located on Main Street, opened its doors to residents this week. Facilities include...The new community center, located on Main Street, opened its doors to residents this week. Facilities include...The new community center, located on Main Street, opened its doors to residents this week. Facilities include...The new community center, located on Main Street, opened its doors to residents this week. Facilities include...",1
732,Shocking Truth: Government Hiding Alien Contact 28,Leaked documents reveal shocking information that governments worldwide have been hiding from the public for decades...Leaked documents reveal shocking information that governments worldwide have been hiding from the public for decades...Leaked documents reveal shocking information that governments worldwide have been hiding from the public for decades...,0
733,School District Implements New Education Program - 46,"The company reported revenues of $X million for Q3, representing a Y% increase compared to the same period last year...The company reported revenues of $X million for Q3, representing a Y% increase compared to the same period last year...The company reported revenues of $X million for Q3, representing a Y% increase compared to the same period last year...The company reported revenues of $X million for Q3, representing a Y% increase compared to the same period last year...",1
734,BREAKING: Scientists Discover Cure for All Diseases! 23,Doctors are furious about this simple trick that has helped thousands lose weight without any effort or exercise...Doctors are furious about this simple trick that has helped thousands lose weight without any effort or exercise...Doctors are furious about this simple trick that has helped thousands lose weight without any effort or exercise...,0
735,Sports Team Wins Championship After Close Match - 100,Scientists at the research institute have made significant progress in understanding cancer cell behavior. The team...Scientists at the research institute have made significant progress in understanding cancer cell behavior. The team...Scientists at the research institute have made significant progress in understanding cancer cell behavior. The team...Scientists at the research institute have made significant progress in understanding cancer cell behavior. The team...,1
736,Miracle Diet: Lose 50 Pounds in 1 Week! 11,Doctors are furious about this simple trick that has helped thousands lose weight without any effort or exercise...Doctors are furious about this simple trick that has helped thousands lose weight without any effort or exercise...,0
737,City Opens New Community Center for Residents - 96,The city council voted 7-2 in favor of the new infrastructure project during Tuesday's meeting. The project includes...The city council voted 7-2 in favor of the new infrastructure project during Tuesday's meeting. The project includes...The city council voted 7-2 in favor of the new infrastructure project during Tuesday's meeting. The project includes...,1
738,URGENT: Banks Will Collapse Tomorrow! 71,Doctors are furious about this simple trick that has helped thousands lose weight without any effort or exercise...Doctors are furious about this simple trick that has helped thousands lose weight without any effort or exercise...,0
739,Local Council Approves New Infrastructure Project - 9,"The company reported revenues of $X million for Q3, representing a Y% increase compared to the same period last year...The company reported revenues of $X million for Q3, representing a Y% increase compared to the same period last year...The company reported revenues of $X million for Q3, representing a Y% increase compared to the same period last year...",1
740,BREAKING: Scientists Discover Cure for All Diseases! 82,Doctors are furious about this simple trick that has helped thousands lose weight without any effort or exercise...Doctors are furious about this simple trick that has helped thousands lose weight without any effort or exercise...Doctors are furious about this simple trick that has helped thousands lose weight without any effort or exercise...Doctors are furious about this simple trick that has helped thousands lose weight without any effort or exercise...,0
741,Museum Hosts Exhibition of Historical Artifacts - 54,Researchers at the university published their findings in the Journal of Climate Science. The study examined...Researchers at the university published their findings in the Journal of Climate Science. The study examined...Researchers at the university published their findings in the Journal of Climate Science. The study examined...Researchers at the university published their findings in the Journal of Climate Science. The study examined...,1
742,WARNING: Your Phone is Spying on You Right Now! 39,"According to unnamed sources, scientists have made an unprecedented discovery that will change everything we know about medicine...According to unnamed sources, scientists have made an unprecedented discovery that will change everything we know about medicine...",0
743,University Researchers Make Progress in Cancer Study - 17,"The new community center, located on Main Street, opened its doors to residents this week. Facilities include...The new community center, located on Main Street, opened its doors to residents this week. Facilities include...The new community center, located on Main Street, opened its doors to residents this week. Facilities include...The new community center, located on Main Street, opened its doors to residents this week. Facilities include...",1
744,Miracle Diet: Lose 50 Pounds in 1 Week! 17,"According to unnamed sources, scientists have made an unprecedented discovery that will change everything we know about medicine...According to unnamed sources, scientists have made an unprecedented discovery that will change everything we know about medicine...According to unnamed sources, scientists have made an unprecedented discovery that will change everything we know about medicine...According to unnamed sources, scientists have made an unprecedented discovery that will change everything we know about medicine...",0
745,Local Council Approves New Infrastructure Project - 10,"The new community center, located on Main Street, opened its doors to residents this week. Facilities include...The new community center, located on Main Street, opened its doors to residents this week. Facilities include...The new community center, located on Main Street, opened its doors to residents this week. Facilities include...The new community center, located on Main Street, opened its doors to residents this week. Facilities include...",1
746,Amazing: This One Trick Doctors Don't Want You to Know 94,Investigation reveals disturbing connections between powerful figures and secretive organizations...Investigation reveals disturbing connections between powerful figures and secretive organizations...,0
747,Tech Company Launches Updated Software Version - 65,"The company reported revenues of $X million for Q3, representing a Y% increase compared to the same period last year...The company reported revenues of $X million for Q3, representing a Y% increase compared to the same period last year...",1
748,Unbelievable: Man Lives to 200 Years Using This Method 56,"According to unnamed sources, scientists have made an unprecedented discovery that will change everything we know about medicine...According to unnamed sources, scientists have made an unprecedented discovery that will change everything we know about medicine...According to unnamed sources, scientists have made an unprecedented discovery that will change everything we know about medicine...",0
749,Tech Company Launches Updated Software Version - 97,The city council voted 7-2 in favor of the new infrastructure project during Tuesday's meeting. The project includes...The city council voted 7-2 in favor of the new infrastructure project during Tuesday's meeting. The project includes...The city council voted 7-2 in favor of the new infrastructure project during Tuesday's meeting. The project includes...,1
750,Miracle Diet: Lose 50 Pounds in 1 Week! 99,Doctors are furious about this simple trick that has helped thousands lose weight without any effort or exercise...Doctors are furious about this simple trick that has helped thousands lose weight without any effort or exercise...Doctors are furious about this simple trick that has helped thousands lose weight without any effort or exercise...,0
751,Company Announces Quarterly Earnings Report - 59,"The new community center, located on Main Street, opened its doors to residents this week. Facilities include...The new community center, located on Main Street, opened its doors to residents this week. Facilities include...The new community center, located on Main Street, opened its doors to residents this week. Facilities include...The new community center, located on Main Street, opened its doors to residents this week. Facilities include...",1
752,URGENT: Banks Will Collapse Tomorrow! 62,Investigation reveals disturbing connections between powerful figures and secretive organizations...Investigation reveals disturbing connections between powerful figures and secretive organizations...,0
753,University Researchers Make Progress in Cancer Study - 96,The city council voted 7-2 in favor of the new infrastructure project during Tuesday's meeting. The project includes...The city council voted 7-2 in favor of the new infrastructure project during Tuesday's meeting. The project includes...,1
754,WARNING: Your Phone is Spying on You Right Now! 97,Leaked documents reveal shocking information that governments worldwide have been hiding from the public for decades...Leaked documents reveal shocking information that governments worldwide have been hiding from the public for decades...Leaked documents reveal shocking information that governments worldwide have been hiding from the public for decades...,0
755,Museum Hosts Exhibition of Historical Artifacts - 33,"The company reported revenues of $X million for Q3, representing a Y% increase compared to the same period last year...The company reported revenues of $X million for Q3, representing a Y% increase compared to the same period last year...The company reported revenues of $X million for Q3, representing a Y% increase compared to the same period last year...",1
756,EXPOSED: The Real Truth Behind Recent Events 8,Leaked documents reveal shocking information that governments worldwide have been hiding from the public for decades...Leaked documents reveal shocking information that governments worldwide have been hiding from the public for decades...Leaked documents reveal shocking information that governments worldwide have been hiding from the public for decades...Leaked documents reveal shocking information that governments worldwide have been hiding from the public for decades...,0
757,School District Implements New Education Program - 71,The city council voted 7-2 in favor of the new infrastructure project during Tuesday's meeting. The project includes...The city council voted 7-2 in favor of the new infrastructure project during Tuesday's meeting. The project includes...The city council voted 7-2 in favor of the new infrastructure project during Tuesday's meeting. The project includes...The city council voted 7-2 in favor of the new infrastructure project during Tuesday's meeting. The project includes...,1
758,Shocking Truth: Government Hiding Alien Contact 14,"According to unnamed sources, scientists have made an unprecedented discovery that will change everything we know about medicine...According to unnamed sources, scientists have made an unprecedented discovery that will change everything we know about medicine...According to unnamed sources, scientists have made an unprecedented discovery that will change everything we know about medicine...According to unnamed sources, scientists have made an unprecedented discovery that will change everything we know about medicine...",0
759,Research Team Publishes Study on Climate Patterns - 54,Scientists at the research institute have made significant progress in understanding cancer cell behavior. The team...Scientists at the research institute have made significant progress in understanding cancer cell behavior. The team...Scientists at the research institute have made significant progress in understanding cancer cell behavior. The team...,1
760,Miracle Diet: Lose 50 Pounds in 1 Week! 43,Leaked documents reveal shocking information that governments worldwide have been hiding from the public for decades...Leaked documents reveal shocking information that governments worldwide have been hiding from the public for decades...Leaked documents reveal shocking information that governments worldwide have been hiding from the public for decades...Leaked documents reveal shocking information that governments worldwide have been hiding from the public for decades...,0
761,Museum Hosts Exhibition of Historical Artifacts - 18,Researchers at the university published their findings in the Journal of Climate Science. The study examined...Researchers at the university published their findings in the Journal of Climate Science. The study examined...Researchers at the university published their findings in the Journal of Climate Science. The study examined...Researchers at the university published their findings in the Journal of Climate Science. The study examined...,1
762,Amazing: This One Trick Doctors Don't Want You to Know 14,"According to unnamed sources, scientists have made an unprecedented discovery that will change everything we know about medicine...According to unnamed sources, scientists have made an unprecedented discovery that will change everything we know about medicine...",0
763,Company Announces Quarterly Earnings Report - 38,"The company reported revenues of $X million for Q3, representing a Y% increase compared to the same period last year...The company reported revenues of $X million for Q3, representing a Y% increase compared to the same period last year...The company reported revenues of $X million for Q3, representing a Y% increase compared to the same period last year...The company reported revenues of $X million for Q3, representing a Y% increase compared to the same period last year...",1
764,Incredible: Free Money for Everyone Starting Next Week! 9,Leaked documents reveal shocking information that governments worldwide have been hiding from the public for decades...Leaked documents reveal shocking information that governments worldwide have been hiding from the public for decades...,0
765,Museum Hosts Exhibition of Historical Artifacts - 41,Researchers at the university published their findings in the Journal of Climate Science. The study examined...Researchers at the university published their findings in the Journal of Climate Science. The study examined...Researchers at the university published their findings in the Journal of Climate Science. The study examined...Researchers at the university published their findings in the Journal of Climate Science. The study examined...,1
766,Unbelievable: Man Lives to 200 Years Using This Method 36,"Financial experts warn of imminent collapse, but mainstream media refuses to report the truth...Financial experts warn of imminent collapse, but mainstream media refuses to report the truth...",0
767,Tech Company Launches Updated Software Version - 61,Researchers at the university published their findings in the Journal of Climate Science. The study examined...Researchers at the university published their findings in the Journal of Climate Science. The study examined...Researchers at the university published their findings in the Journal of Climate Science. The study examined...,1
768,URGENT: Banks Will Collapse Tomorrow! 53,"According to unnamed sources, scientists have made an unprecedented discovery that will change everything we know about medicine...According to unnamed sources, scientists have made an unprecedented discovery that will change everything we know about medicine...According to unnamed sources, scientists have made an unprecedented discovery that will change everything we know about medicine...According to unnamed sources, scientists have made an unprecedented discovery that will change everything we know about medicine...",0
769,University Researchers Make Progress in Cancer Study - 11,The city council voted 7-2 in favor of the new infrastructure project during Tuesday's meeting. The project includes...The city council voted 7-2 in favor of the new infrastructure project during Tuesday's meeting. The project includes...,1
770,Amazing: This One Trick Doctors Don't Want You to Know 47,"According to unnamed sources, scientists have made an unprecedented discovery that will change everything we know about medicine...According to unnamed sources, scientists have made an unprecedented discovery that will change everything we know about medicine...",0
771,Museum Hosts Exhibition of Historical Artifacts - 23,"The company reported revenues of $X million for Q3, representing a Y% increase compared to the same period last year...The company reported revenues of $X million for Q3, representing a Y% increase compared to the same period last year...The company reported revenues of $X million for Q3, representing a Y% increase compared to the same period last year...",1
772,BREAKING: Scientists Discover Cure for All Diseases! 56,Leaked documents reveal shocking information that governments worldwide have been hiding from the public for decades...Leaked documents reveal shocking information that governments worldwide have been hiding from the public for decades...Leaked documents reveal shocking information that governments worldwide have been hiding from the public for decades...,0
773,Research Team Publishes Study on Climate Patterns - 88,"The company reported revenues of $X million for Q3, representing a Y% increase compared to the same period last year...The company reported revenues of $X million for Q3, representing a Y% increase compared to the same period last year...The company reported revenues of $X million for Q3, representing a Y% increase compared to the same period last year...",1
774,Unbelievable: Man Lives to 200 Years Using This Method 91,"Financial experts warn of imminent collapse, but mainstream media refuses to report the truth...Financial experts warn of imminent collapse, but mainstream media refuses to report the truth...Financial experts warn of imminent collapse, but mainstream media refuses to report the truth...",0
775,Tech Company Launches Updated Software Version - 31,"The company reported revenues of $X million for Q3, representing a Y% increase compared to the same period last year...The company reported revenues of $X million for Q3, representing a Y% increase compared to the same period last year...",1
776,WARNING: Your Phone is Spying on You Right Now! 74,Leaked documents reveal shocking information that governments worldwide have been hiding from the public for decades...Leaked documents reveal shocking information that governments worldwide have been hiding from the public for decades...Leaked documents reveal shocking information that governments worldwide have been hiding from the public for decades...Leaked documents reveal shocking information that governments worldwide have been hiding from the public for decades...,0
777,Sports Team Wins Championship After Close Match - 36,The city council voted 7-2 in favor of the new infrastructure project during Tuesday's meeting. The project includes...The city council voted 7-2 in favor of the new infrastructure project during Tuesday's meeting. The project includes...The city council voted 7-2 in favor of the new infrastructure project during Tuesday's meeting. The project includes...The city council voted 7-2 in favor of the new infrastructure project during Tuesday's meeting. The project includes...,1
778,Unbelievable: Man Lives to 200 Years Using This Method 5,Investigation reveals disturbing connections between powerful figures and secretive organizations...Investigation reveals disturbing connections between powerful figures and secretive organizations...Investigation reveals disturbing connections between powerful figures and secretive organizations...Investigation reveals disturbing connections between powerful figures and secretive organizations...,0
779,Museum Hosts Exhibition of Historical Artifacts - 57,Scientists at the research institute have made significant progress in understanding cancer cell behavior. The team...Scientists at the research institute have made significant progress in understanding cancer cell behavior. The team...,1
780,URGENT: Banks Will Collapse Tomorrow! 54,Investigation reveals disturbing connections between powerful figures and secretive organizations...Investigation reveals disturbing connections between powerful figures and secretive organizations...Investigation reveals disturbing connections between powerful figures and secretive organizations...,0
781,Company Announces Quarterly Earnings Report - 46,Researchers at the university published their findings in the Journal of Climate Science. The study examined...Researchers at the university published their findings in the Journal of Climate Science. The study examined...Researchers at the university published their findings in the Journal of Climate Science. The study examined...,1
782,Amazing: This One Trick Doctors Don't Want You to Know 17,"According to unnamed sources, scientists have made an unprecedented discovery that will change everything we know about medicine...According to unnamed sources, scientists have made an unprecedented discovery that will change everything we know about medicine...According to unnamed sources, scientists have made an unprecedented discovery that will change everything we know about medicine...According to unnamed sources, scientists have made an unprecedented discovery that will change everything we know about medicine...",0
783,Government Releases Annual Budget Proposal - 45,"The new community center, located on Main Street, opened its doors to residents this week. Facilities include...The new community center, located on Main Street, opened its doors to residents this week. Facilities include...The new community center, located on Main Street, opened its doors to residents this week. Facilities include...The new community center, located on Main Street, opened its doors to residents this week. Facilities include...",1
784,EXPOSED: The Real Truth Behind Recent Events 31,Leaked documents reveal shocking information that governments worldwide have been hiding from the public for decades...Leaked documents reveal shocking information that governments worldwide have been hiding from the public for decades...Leaked documents reveal shocking information that governments worldwide have been hiding from the public for decades...,0
785,Tech Company Launches Updated Software Version - 20,The city council voted 7-2 in favor of the new infrastructure project during Tuesday's meeting. The project includes...The city council voted 7-2 in favor of the new infrastructure project during Tuesday's meeting. The project includes...,1
786,Incredible: Free Money for Everyone Starting Next Week! 96,"According to unnamed sources, scientists have made an unprecedented discovery that will change everything we know about medicine...According to unnamed sources, scientists have made an unprecedented discovery that will change everything we know about medicine...According to unnamed sources, scientists have made an unprecedented discovery that will change everything we know about medicine...",0
787,School District Implements New Education Program - 93,Scientists at the research institute have made significant progress in understanding cancer cell behavior. The team...Scientists at the research institute have made significant progress in understanding cancer cell behavior. The team...,1
788,Celebrity Secretly Controls World Government 64,"Financial experts warn of imminent collapse, but mainstream media refuses to report the truth...Financial experts warn of imminent collapse, but mainstream media refuses to report the truth...Financial experts warn of imminent collapse, but mainstream media refuses to report the truth...",0
789,Government Releases Annual Budget Proposal - 70,Scientists at the research institute have made significant progress in understanding cancer cell behavior. The team...Scientists at the research institute have made significant progress in understanding cancer cell behavior. The team...Scientists at the research institute have made significant progress in understanding cancer cell behavior. The team...Scientists at the research institute have made significant progress in understanding cancer cell behavior. The team...,1
790,Unbelievable: Man Lives to 200 Years Using This Method 31,Doctors are furious about this simple trick that has helped thousands lose weight without any effort or exercise...Doctors are furious about this simple trick that has helped thousands lose weight without any effort or exercise...Doctors are furious about this simple trick that has helped thousands lose weight without any effort or exercise...,0
791,City Opens New Community Center for Residents - 48,"The company reported revenues of $X million for Q3, representing a Y% increase compared to the same period last year...The company reported revenues of $X million for Q3, representing a Y% increase compared to the same period last year...",1
792,Unbelievable: Man Lives to 200 Years Using This Method 42,Leaked documents reveal shocking information that governments worldwide have been hiding from the public for decades...Leaked documents reveal shocking information that governments worldwide have been hiding from the public for decades...Leaked documents reveal shocking information that governments worldwide have been hiding from the public for decades...,0
793,School District Implements New Education Program - 42,Researchers at the university published their findings in the Journal of Climate Science. The study examined...Researchers at the university published their findings in the Journal of Climate Science. The study examined...Researchers at the university published their findings in the Journal of Climate Science. The study examined...,1
794,Incredible: Free Money for Everyone Starting Next Week! 56,Leaked documents reveal shocking information that governments worldwide have been hiding from the public for decades...Leaked documents reveal shocking information that governments worldwide have been hiding from the public for decades...,0
795,Research Team Publishes Study on Climate Patterns - 80,"The company reported revenues of $X million for Q3, representing a Y% increase compared to the same period last year...The company reported revenues of $X million for Q3, representing a Y% increase compared to the same period last year...",1
796,Celebrity Secretly Controls World Government 36,Investigation reveals disturbing connections between powerful figures and secretive organizations...Investigation reveals disturbing connections between powerful figures and secretive organizations...Investigation reveals disturbing connections between powerful figures and secretive organizations...,0
797,Tech Company Launches Updated Software Version - 98,The city council voted 7-2 in favor of the new infrastructure project during Tuesday's meeting. The project includes...The city council voted 7-2 in favor of the new infrastructure project during Tuesday's meeting. The project includes...The city council voted 7-2 in favor of the new infrastructure project during Tuesday's meeting. The project includes...,1
798,Unbelievable: Man Lives to 200 Years Using This Method 19,"Financial experts warn of imminent collapse, but mainstream media refuses to report the truth...Financial experts warn of imminent collapse, but mainstream media refuses to report the truth...",0
799,Company Announces Quarterly Earnings Report - 79,Scientists at the research institute have made significant progress in understanding cancer cell behavior. The team...Scientists at the research institute have made significant progress in understanding cancer cell behavior. The team...Scientists at the research institute have made significant progress in understanding cancer cell behavior. The team...Scientists at the research institute have made significant progress in understanding cancer cell behavior. The team...,1
800,BREAKING: Scientists Discover Cure for All Diseases! 27,"According to unnamed sources, scientists have made an unprecedented discovery that will change everything we know about medicine...According to unnamed sources, scientists have made an unprecedented discovery that will change everything we know about medicine...According to unnamed sources, scientists have made an unprecedented discovery that will change everything we know about medicine...According to unnamed sources, scientists have made an unprecedented discovery that will change everything we know about medicine...",0
801,Company Announces Quarterly Earnings Report - 30,The city council voted 7-2 in favor of the new infrastructure project during Tuesday's meeting. The project includes...The city council voted 7-2 in favor of the new infrastructure project during Tuesday's meeting. The project includes...,1
802,URGENT: Banks Will Collapse Tomorrow! 22,"Financial experts warn of imminent collapse, but mainstream media refuses to report the truth...Financial experts warn of imminent collapse, but mainstream media refuses to report the truth...",0
803,Local Council Approves New Infrastructure Project - 35,"The new community center, located on Main Street, opened its doors to residents this week. Facilities include...The new community center, located on Main Street, opened its doors to residents this week. Facilities include...",1
804,Celebrity Secretly Controls World Government 36,Doctors are furious about this simple trick that has helped thousands lose weight without any effort or exercise...Doctors are furious about this simple trick that has helped thousands lose weight without any effort or exercise...Doctors are furious about this simple trick that has helped thousands lose weight without any effort or exercise...,0
805,Company Announces Quarterly Earnings Report - 76,The city council voted 7-2 in favor of the new infrastructure project during Tuesday's meeting. The project includes...The city council voted 7-2 in favor of the new infrastructure project during Tuesday's meeting. The project includes...The city council voted 7-2 in favor of the new infrastructure project during Tuesday's meeting. The project includes...,1
806,URGENT: Banks Will Collapse Tomorrow! 78,"According to unnamed sources, scientists have made an unprecedented discovery that will change everything we know about medicine...According to unnamed sources, scientists have made an unprecedented discovery that will change everything we know about medicine...According to unnamed sources, scientists have made an unprecedented discovery that will change everything we know about medicine...",0
807,School District Implements New Education Program - 54,"The company reported revenues of $X million for Q3, representing a Y% increase compared to the same period last year...The company reported revenues of $X million for Q3, representing a Y% increase compared to the same period last year...The company reported revenues of $X million for Q3, representing a Y% increase compared to the same period last year...The company reported revenues of $X million for Q3, representing a Y% increase compared to the same period last year...",1
808,Miracle Diet: Lose 50 Pounds in 1 Week! 43,Investigation reveals disturbing connections between powerful figures and secretive organizations...Investigation reveals disturbing connections between powerful figures and secretive organizations...,0
809,School District Implements New Education Program - 23,"The company reported revenues of $X million for Q3, representing a Y% increase compared to the same period last year...The company reported revenues of $X million for Q3, representing a Y% increase compared to the same period last year...The company reported revenues of $X million for Q3, representing a Y% increase compared to the same period last year...",1
810,Celebrity Secretly Controls World Government 43,"According to unnamed sources, scientists have made an unprecedented discovery that will change everything we know about medicine...According to unnamed sources, scientists have made an unprecedented discovery that will change everything we know about medicine...",0
811,Museum Hosts Exhibition of Historical Artifacts - 74,"The new community center, located on Main Street, opened its doors to residents this week. Facilities include...The new community center, located on Main Street, opened its doors to residents this week. Facilities include...The new community center, located on Main Street, opened its doors to residents this week. Facilities include...The new community center, located on Main Street, opened its doors to residents this week. Facilities include...",1
812,WARNING: Your Phone is Spying on You Right Now! 3,"Financial experts warn of imminent collapse, but mainstream media refuses to report the truth...Financial experts warn of imminent collapse, but mainstream media refuses to report the truth...Financial experts warn of imminent collapse, but mainstream media refuses to report the truth...",0
813,Museum Hosts Exhibition of Historical Artifacts - 53,"The company reported revenues of $X million for Q3, representing a Y% increase compared to the same period last year...The company reported revenues of $X million for Q3, representing a Y% increase compared to the same period last year...The company reported revenues of $X million for Q3, representing a Y% increase compared to the same period last year...",1
814,Unbelievable: Man Lives to 200 Years Using This Method 25,"Financial experts warn of imminent collapse, but mainstream media refuses to report the truth...Financial experts warn of imminent collapse, but mainstream media refuses to report the truth...Financial experts warn of imminent collapse, but mainstream media refuses to report the truth...",0
815,City Opens New Community Center for Residents - 79,"The new community center, located on Main Street, opened its doors to residents this week. Facilities include...The new community center, located on Main Street, opened its doors to residents this week. Facilities include...The new community center, located on Main Street, opened its doors to residents this week. Facilities include...",1
816,Unbelievable: Man Lives to 200 Years Using This Method 3,Investigation reveals disturbing connections between powerful figures and secretive organizations...Investigation reveals disturbing connections between powerful figures and secretive organizations...,0
817,School District Implements New Education Program - 37,"The company reported revenues of $X million for Q3, representing a Y% increase compared to the same period last year...The company reported revenues of $X million for Q3, representing a Y% increase compared to the same period last year...The company reported revenues of $X million for Q3, representing a Y% increase compared to the same period last year...The company reported revenues of $X million for Q3, representing a Y% increase compared to the same period last year...",1
818,WARNING: Your Phone is Spying on You Right Now! 27,Investigation reveals disturbing connections between powerful figures and secretive organizations...Investigation reveals disturbing connections between powerful figures and secretive organizations...Investigation reveals disturbing connections between powerful figures and secretive organizations...Investigation reveals disturbing connections between powerful figures and secretive organizations...,0
819,Local Council Approves New Infrastructure Project - 21,The city council voted 7-2 in favor of the new infrastructure project during Tuesday's meeting. The project includes...The city council voted 7-2 in favor of the new infrastructure project during Tuesday's meeting. The project includes...,1
820,URGENT: Banks Will Collapse Tomorrow! 61,Leaked documents reveal shocking information that governments worldwide have been hiding from the public for decades...Leaked documents reveal shocking information that governments worldwide have been hiding from the public for decades...Leaked documents reveal shocking information that governments worldwide have been hiding from the public for decades...,0
821,Tech Company Launches Updated Software Version - 5,"The company reported revenues of $X million for Q3, representing a Y% increase compared to the same period last year...The company reported revenues of $X million for Q3, representing a Y% increase compared to the same period last year...",1
822,Unbelievable: Man Lives to 200 Years Using This Method 9,"Financial experts warn of imminent collapse, but mainstream media refuses to report the truth...Financial experts warn of imminent collapse, but mainstream media refuses to report the truth...Financial experts warn of imminent collapse, but mainstream media refuses to report the truth...",0
823,Research Team Publishes Study on Climate Patterns - 3,Researchers at the university published their findings in the Journal of Climate Science. The study examined...Researchers at the university published their findings in the Journal of Climate Science. The study examined...Researchers at the university published their findings in the Journal of Climate Science. The study examined...,1
824,Unbelievable: Man Lives to 200 Years Using This Method 24,Investigation reveals disturbing connections between powerful figures and secretive organizations...Investigation reveals disturbing connections between powerful figures and secretive organizations...Investigation reveals disturbing connections between powerful figures and secretive organizations...,0
825,University Researchers Make Progress in Cancer Study - 17,Scientists at the research institute have made significant progress in understanding cancer cell behavior. The team...Scientists at the research institute have made significant progress in understanding cancer cell behavior. The team...Scientists at the research institute have made significant progress in understanding cancer cell behavior. The team...,1
826,Celebrity Secretly Controls World Government 35,Doctors are furious about this simple trick that has helped thousands lose weight without any effort or exercise...Doctors are furious about this simple trick that has helped thousands lose weight without any effort or exercise...Doctors are furious about this simple trick that has helped thousands lose weight without any effort or exercise...Doctors are furious about this simple trick that has helped thousands lose weight without any effort or exercise...,0
827,Museum Hosts Exhibition of Historical Artifacts - 78,"The company reported revenues of $X million for Q3, representing a Y% increase compared to the same period last year...The company reported revenues of $X million for Q3, representing a Y% increase compared to the same period last year...The company reported revenues of $X million for Q3, representing a Y% increase compared to the same period last year...The company reported revenues of $X million for Q3, representing a Y% increase compared to the same period last year...",1
828,Incredible: Free Money for Everyone Starting Next Week! 21,"According to unnamed sources, scientists have made an unprecedented discovery that will change everything we know about medicine...According to unnamed sources, scientists have made an unprecedented discovery that will change everything we know about medicine...",0
829,Sports Team Wins Championship After Close Match - 12,"The company reported revenues of $X million for Q3, representing a Y% increase compared to the same period last year...The company reported revenues of $X million for Q3, representing a Y% increase compared to the same period last year...",1
830,Celebrity Secretly Controls World Government 17,Investigation reveals disturbing connections between powerful figures and secretive organizations...Investigation reveals disturbing connections between powerful figures and secretive organizations...Investigation reveals disturbing connections between powerful figures and secretive organizations...Investigation reveals disturbing connections between powerful figures and secretive organizations...,0
831,Tech Company Launches Updated Software Version - 83,Scientists at the research institute have made significant progress in understanding cancer cell behavior. The team...Scientists at the research institute have made significant progress in understanding cancer cell behavior. The team...Scientists at the research institute have made significant progress in understanding cancer cell behavior. The team...Scientists at the research institute have made significant progress in understanding cancer cell behavior. The team...,1
832,EXPOSED: The Real Truth Behind Recent Events 66,"Financial experts warn of imminent collapse, but mainstream media refuses to report the truth...Financial experts warn of imminent collapse, but mainstream media refuses to report the truth...Financial experts warn of imminent collapse, but mainstream media refuses to report the truth...",0
833,Government Releases Annual Budget Proposal - 94,Scientists at the research institute have made significant progress in understanding cancer cell behavior. The team...Scientists at the research institute have made significant progress in understanding cancer cell behavior. The team...Scientists at the research institute have made significant progress in understanding cancer cell behavior. The team...Scientists at the research institute have made significant progress in understanding cancer cell behavior. The team...,1
834,Unbelievable: Man Lives to 200 Years Using This Method 47,Investigation reveals disturbing connections between powerful figures and secretive organizations...Investigation reveals disturbing connections between powerful figures and secretive organizations...Investigation reveals disturbing connections between powerful figures and secretive organizations...Investigation reveals disturbing connections between powerful figures and secretive organizations...,0
835,Company Announces Quarterly Earnings Report - 15,"The company reported revenues of $X million for Q3, representing a Y% increase compared to the same period last year...The company reported revenues of $X million for Q3, representing a Y% increase compared to the same period last year...",1
836,Unbelievable: Man Lives to 200 Years Using This Method 33,Doctors are furious about this simple trick that has helped thousands lose weight without any effort or exercise...Doctors are furious about this simple trick that has helped thousands lose weight without any effort or exercise...,0
837,School District Implements New Education Program - 40,The city council voted 7-2 in favor of the new infrastructure project during Tuesday's meeting. The project includes...The city council voted 7-2 in favor of the new infrastructure project during Tuesday's meeting. The project includes...,1
838,URGENT: Banks Will Collapse Tomorrow! 46,Investigation reveals disturbing connections between powerful figures and secretive organizations...Investigation reveals disturbing connections between powerful figures and secretive organizations...Investigation reveals disturbing connections between powerful figures and secretive organizations...Investigation reveals disturbing connections between powerful figures and secretive organizations...,0
839,Government Releases Annual Budget Proposal - 84,Researchers at the university published their findings in the Journal of Climate Science. The study examined...Researchers at the university published their findings in the Journal of Climate Science. The study examined...Researchers at the university published their findings in the Journal of Climate Science. The study examined...Researchers at the university published their findings in the Journal of Climate Science. The study examined...,1
840,Celebrity Secretly Controls World Government 67,"According to unnamed sources, scientists have made an unprecedented discovery that will change everything we know about medicine...According to unnamed sources, scientists have made an unprecedented discovery that will change everything we know about medicine...According to unnamed sources, scientists have made an unprecedented discovery that will change everything we know about medicine...",0
841,Company Announces Quarterly Earnings Report - 28,The city council voted 7-2 in favor of the new infrastructure project during Tuesday's meeting. The project includes...The city council voted 7-2 in favor of the new infrastructure project during Tuesday's meeting. The project includes...,1
842,Shocking Truth: Government Hiding Alien Contact 57,Leaked documents reveal shocking information that governments worldwide have been hiding from the public for decades...Leaked documents reveal shocking information that governments worldwide have been hiding from the public for decades...Leaked documents reveal shocking information that governments worldwide have been hiding from the public for decades...Leaked documents reveal shocking information that governments worldwide have been hiding from the public for decades...,0
843,Museum Hosts Exhibition of Historical Artifacts - 34,Researchers at the university published their findings in the Journal of Climate Science. The study examined...Researchers at the university published their findings in the Journal of Climate Science. The study examined...Researchers at the university published their findings in the Journal of Climate Science. The study examined...Researchers at the university published their findings in the Journal of Climate Science. The study examined...,1
844,Unbelievable: Man Lives to 200 Years Using This Method 10,Leaked documents reveal shocking information that governments worldwide have been hiding from the public for decades...Leaked documents reveal shocking information that governments worldwide have been hiding from the public for decades...Leaked documents reveal shocking information that governments worldwide have been hiding from the public for decades...Leaked documents reveal shocking information that governments worldwide have been hiding from the public for decades...,0
845,Government Releases Annual Budget Proposal - 26,"The new community center, located on Main Street, opened its doors to residents this week. Facilities include...The new community center, located on Main Street, opened its doors to residents this week. Facilities include...The new community center, located on Main Street, opened its doors to residents this week. Facilities include...",1
846,Celebrity Secretly Controls World Government 78,"According to unnamed sources, scientists have made an unprecedented discovery that will change everything we know about medicine...According to unnamed sources, scientists have made an unprecedented discovery that will change everything we know about medicine...According to unnamed sources, scientists have made an unprecedented discovery that will change everything we know about medicine...",0
847,Sports Team Wins Championship After Close Match - 78,"The company reported revenues of $X million for Q3, representing a Y% increase compared to the same period last year...The company reported revenues of $X million for Q3, representing a Y% increase compared to the same period last year...The company reported revenues of $X million for Q3, representing a Y% increase compared to the same period last year...The company reported revenues of $X million for Q3, representing a Y% increase compared to the same period last year...",1
848,Unbelievable: Man Lives to 200 Years Using This Method 53,Investigation reveals disturbing connections between powerful figures and secretive organizations...Investigation reveals disturbing connections between powerful figures and secretive organizations...Investigation reveals disturbing connections between powerful figures and secretive organizations...,0
849,School District Implements New Education Program - 49,Researchers at the university published their findings in the Journal of Climate Science. The study examined...Researchers at the university published their findings in the Journal of Climate Science. The study examined...Researchers at the university published their findings in the Journal of Climate Science. The study examined...,1
850,Miracle Diet: Lose 50 Pounds in 1 Week! 61,Doctors are furious about this simple trick that has helped thousands lose weight without any effort or exercise...Doctors are furious about this simple trick that has helped thousands lose weight without any effort or exercise...Doctors are furious about this simple trick that has helped thousands lose weight without any effort or exercise...Doctors are furious about this simple trick that has helped thousands lose weight without any effort or exercise...,0
851,University Researchers Make Progress in Cancer Study - 85,"The company reported revenues of $X million for Q3, representing a Y% increase compared to the same period last year...The company reported revenues of $X million for Q3, representing a Y% increase compared to the same period last year...The company reported revenues of $X million for Q3, representing a Y% increase compared to the same period last year...",1
852,Incredible: Free Money for Everyone Starting Next Week! 11,"Financial experts warn of imminent collapse, but mainstream media refuses to report the truth...Financial experts warn of imminent collapse, but mainstream media refuses to report the truth...",0
853,University Researchers Make Progress in Cancer Study - 25,Scientists at the research institute have made significant progress in understanding cancer cell behavior. The team...Scientists at the research institute have made significant progress in understanding cancer cell behavior. The team...Scientists at the research institute have made significant progress in understanding cancer cell behavior. The team...Scientists at the research institute have made significant progress in understanding cancer cell behavior. The team...,1
854,Shocking Truth: Government Hiding Alien Contact 95,Leaked documents reveal shocking information that governments worldwide have been hiding from the public for decades...Leaked documents reveal shocking information that governments worldwide have been hiding from the public for decades...,0
855,Museum Hosts Exhibition of Historical Artifacts - 90,"The new community center, located on Main Street, opened its doors to residents this week. Facilities include...The new community center, located on Main Street, opened its doors to residents this week. Facilities include...The new community center, located on Main Street, opened its doors to residents this week. Facilities include...",1
856,Incredible: Free Money for Everyone Starting Next Week! 5,Doctors are furious about this simple trick that has helped thousands lose weight without any effort or exercise...Doctors are furious about this simple trick that has helped thousands lose weight without any effort or exercise...Doctors are furious about this simple trick that has helped thousands lose weight without any effort or exercise...Doctors are furious about this simple trick that has helped thousands lose weight without any effort or exercise...,0
857,Company Announces Quarterly Earnings Report - 40,Researchers at the university published their findings in the Journal of Climate Science. The study examined...Researchers at the university published their findings in the Journal of Climate Science. The study examined...Researchers at the university published their findings in the Journal of Climate Science. The study examined...Researchers at the university published their findings in the Journal of Climate Science. The study examined...,1
858,Shocking Truth: Government Hiding Alien Contact 58,"Financial experts warn of imminent collapse, but mainstream media refuses to report the truth...Financial experts warn of imminent collapse, but mainstream media refuses to report the truth...Financial experts warn of imminent collapse, but mainstream media refuses to report the truth...Financial experts warn of imminent collapse, but mainstream media refuses to report the truth...",0
859,Tech Company Launches Updated Software Version - 20,Researchers at the university published their findings in the Journal of Climate Science. The study examined...Researchers at the university published their findings in the Journal of Climate Science. The study examined...,1
860,URGENT: Banks Will Collapse Tomorrow! 69,Investigation reveals disturbing connections between powerful figures and secretive organizations...Investigation reveals disturbing connections between powerful figures and secretive organizations...,0
861,Museum Hosts Exhibition of Historical Artifacts - 6,Researchers at the university published their findings in the Journal of Climate Science. The study examined...Researchers at the university published their findings in the Journal of Climate Science. The study examined...Researchers at the university published their findings in the Journal of Climate Science. The study examined...Researchers at the university published their findings in the Journal of Climate Science. The study examined...,1
862,Amazing: This One Trick Doctors Don't Want You to Know 25,Leaked documents reveal shocking information that governments worldwide have been hiding from the public for decades...Leaked documents reveal shocking information that governments worldwide have been hiding from the public for decades...Leaked documents reveal shocking information that governments worldwide have been hiding from the public for decades...Leaked documents reveal shocking information that governments worldwide have been hiding from the public for decades...,0
863,Museum Hosts Exhibition of Historical Artifacts - 93,"The company reported revenues of $X million for Q3, representing a Y% increase compared to the same period last year...The company reported revenues of $X million for Q3, representing a Y% increase compared to the same period last year...The company reported revenues of $X million for Q3, representing a Y% increase compared to the same period last year...The company reported revenues of $X million for Q3, representing a Y% increase compared to the same period last year...",1
864,Incredible: Free Money for Everyone Starting Next Week! 59,Investigation reveals disturbing connections between powerful figures and secretive organizations...Investigation reveals disturbing connections between powerful figures and secretive organizations...Investigation reveals disturbing connections between powerful figures and secretive organizations...,0
865,Local Council Approves New Infrastructure Project - 93,"The company reported revenues of $X million for Q3, representing a Y% increase compared to the same period last year...The company reported revenues of $X million for Q3, representing a Y% increase compared to the same period last year...The company reported revenues of $X million for Q3, representing a Y% increase compared to the same period last year...The company reported revenues of $X million for Q3, representing a Y% increase compared to the same period last year...",1
866,EXPOSED: The Real Truth Behind Recent Events 75,Leaked documents reveal shocking information that governments worldwide have been hiding from the public for decades...Leaked documents reveal shocking information that governments worldwide have been hiding from the public for decades...Leaked documents reveal shocking information that governments worldwide have been hiding from the public for decades...Leaked documents reveal shocking information that governments worldwide have been hiding from the public for decades...,0
867,City Opens New Community Center for Residents - 26,Scientists at the research institute have made significant progress in understanding cancer cell behavior. The team...Scientists at the research institute have made significant progress in understanding cancer cell behavior. The team...Scientists at the research institute have made significant progress in understanding cancer cell behavior. The team...,1
868,Miracle Diet: Lose 50 Pounds in 1 Week! 5,Doctors are furious about this simple trick that has helped thousands lose weight without any effort or exercise...Doctors are furious about this simple trick that has helped thousands lose weight without any effort or exercise...,0
869,Tech Company Launches Updated Software Version - 4,"The company reported revenues of $X million for Q3, representing a Y% increase compared to the same period last year...The company reported revenues of $X million for Q3, representing a Y% increase compared to the same period last year...The company reported revenues of $X million for Q3, representing a Y% increase compared to the same period last year...The company reported revenues of $X million for Q3, representing a Y% increase compared to the same period last year...",1
870,Incredible: Free Money for Everyone Starting Next Week! 28,Leaked documents reveal shocking information that governments worldwide have been hiding from the public for decades...Leaked documents reveal shocking information that governments worldwide have been hiding from the public for decades...Leaked documents reveal shocking information that governments worldwide have been hiding from the public for decades...,0
871,Government Releases Annual Budget Proposal - 13,The city council voted 7-2 in favor of the new infrastructure project during Tuesday's meeting. The project includes...The city council voted 7-2 in favor of the new infrastructure project during Tuesday's meeting. The project includes...The city council voted 7-2 in favor of the new infrastructure project during Tuesday's meeting. The project includes...,1
872,BREAKING: Scientists Discover Cure for All Diseases! 35,Leaked documents reveal shocking information that governments worldwide have been hiding from the public for decades...Leaked documents reveal shocking information that governments worldwide have been hiding from the public for decades...Leaked documents reveal shocking information that governments worldwide have been hiding from the public for decades...,0
873,Tech Company Launches Updated Software Version - 50,Scientists at the research institute have made significant progress in understanding cancer cell behavior. The team...Scientists at the research institute have made significant progress in understanding cancer cell behavior. The team...,1
874,Celebrity Secretly Controls World Government 63,Investigation reveals disturbing connections between powerful figures and secretive organizations...Investigation reveals disturbing connections between powerful figures and secretive organizations...,0
875,Research Team Publishes Study on Climate Patterns - 50,"The company reported revenues of $X million for Q3, representing a Y% increase compared to the same period last year...The company reported revenues of $X million for Q3, representing a Y% increase compared to the same period last year...The company reported revenues of $X million for Q3, representing a Y% increase compared to the same period last year...The company reported revenues of $X million for Q3, representing a Y% increase compared to the same period last year...",1
876,Amazing: This One Trick Doctors Don't Want You to Know 72,"Financial experts warn of imminent collapse, but mainstream media refuses to report the truth...Financial experts warn of imminent collapse, but mainstream media refuses to report the truth...",0
877,Museum Hosts Exhibition of Historical Artifacts - 25,"The company reported revenues of $X million for Q3, representing a Y% increase compared to the same period last year...The company reported revenues of $X million for Q3, representing a Y% increase compared to the same period last year...The company reported revenues of $X million for Q3, representing a Y% increase compared to the same period last year...",1
878,Miracle Diet: Lose 50 Pounds in 1 Week! 51,Leaked documents reveal shocking information that governments worldwide have been hiding from the public for decades...Leaked documents reveal shocking information that governments worldwide have been hiding from the public for decades...,0
879,Research Team Publishes Study on Climate Patterns - 99,Scientists at the research institute have made significant progress in understanding cancer cell behavior. The team...Scientists at the research institute have made significant progress in understanding cancer cell behavior. The team...Scientists at the research institute have made significant progress in understanding cancer cell behavior. The team...Scientists at the research institute have made significant progress in understanding cancer cell behavior. The team...,1
880,Celebrity Secretly Controls World Government 77,"According to unnamed sources, scientists have made an unprecedented discovery that will change everything we know about medicine...According to unnamed sources, scientists have made an unprecedented discovery that will change everything we know about medicine...According to unnamed sources, scientists have made an unprecedented discovery that will change everything we know about medicine...",0
881,Company Announces Quarterly Earnings Report - 62,"The company reported revenues of $X million for Q3, representing a Y% increase compared to the same period last year...The company reported revenues of $X million for Q3, representing a Y% increase compared to the same period last year...The company reported revenues of $X million for Q3, representing a Y% increase compared to the same period last year...The company reported revenues of $X million for Q3, representing a Y% increase compared to the same period last year...",1
882,EXPOSED: The Real Truth Behind Recent Events 73,"According to unnamed sources, scientists have made an unprecedented discovery that will change everything we know about medicine...According to unnamed sources, scientists have made an unprecedented discovery that will change everything we know about medicine...According to unnamed sources, scientists have made an unprecedented discovery that will change everything we know about medicine...",0
883,Company Announces Quarterly Earnings Report - 32,Scientists at the research institute have made significant progress in understanding cancer cell behavior. The team...Scientists at the research institute have made significant progress in understanding cancer cell behavior. The team...Scientists at the research institute have made significant progress in understanding cancer cell behavior. The team...Scientists at the research institute have made significant progress in understanding cancer cell behavior. The team...,1
884,WARNING: Your Phone is Spying on You Right Now! 32,"According to unnamed sources, scientists have made an unprecedented discovery that will change everything we know about medicine...According to unnamed sources, scientists have made an unprecedented discovery that will change everything we know about medicine...According to unnamed sources, scientists have made an unprecedented discovery that will change everything we know about medicine...",0
885,Research Team Publishes Study on Climate Patterns - 50,The city council voted 7-2 in favor of the new infrastructure project during Tuesday's meeting. The project includes...The city council voted 7-2 in favor of the new infrastructure project during Tuesday's meeting. The project includes...,1
886,WARNING: Your Phone is Spying on You Right Now! 34,"According to unnamed sources, scientists have made an unprecedented discovery that will change everything we know about medicine...According to unnamed sources, scientists have made an unprecedented discovery that will change everything we know about medicine...According to unnamed sources, scientists have made an unprecedented discovery that will change everything we know about medicine...",0
887,Research Team Publishes Study on Climate Patterns - 1,Researchers at the university published their findings in the Journal of Climate Science. The study examined...Researchers at the university published their findings in the Journal of Climate Science. The study examined...Researchers at the university published their findings in the Journal of Climate Science. The study examined...Researchers at the university published their findings in the Journal of Climate Science. The study examined...,1
888,Incredible: Free Money for Everyone Starting Next Week! 38,Leaked documents reveal shocking information that governments worldwide have been hiding from the public for decades...Leaked documents reveal shocking information that governments worldwide have been hiding from the public for decades...,0
889,Tech Company Launches Updated Software Version - 71,Scientists at the research institute have made significant progress in understanding cancer cell behavior. The team...Scientists at the research institute have made significant progress in understanding cancer cell behavior. The team...,1
890,URGENT: Banks Will Collapse Tomorrow! 3,"According to unnamed sources, scientists have made an unprecedented discovery that will change everything we know about medicine...According to unnamed sources, scientists have made an unprecedented discovery that will change everything we know about medicine...",0
891,Company Announces Quarterly Earnings Report - 26,Researchers at the university published their findings in the Journal of Climate Science. The study examined...Researchers at the university published their findings in the Journal of Climate Science. The study examined...,1
892,Miracle Diet: Lose 50 Pounds in 1 Week! 30,Investigation reveals disturbing connections between powerful figures and secretive organizations...Investigation reveals disturbing connections between powerful figures and secretive organizations...Investigation reveals disturbing connections between powerful figures and secretive organizations...Investigation reveals disturbing connections between powerful figures and secretive organizations...,0
893,Government Releases Annual Budget Proposal - 9,"The new community center, located on Main Street, opened its doors to residents this week. Facilities include...The new community center, located on Main Street, opened its doors to residents this week. Facilities include...The new community center, located on Main Street, opened its doors to residents this week. Facilities include...",1
894,EXPOSED: The Real Truth Behind Recent Events 1,Investigation reveals disturbing connections between powerful figures and secretive organizations...Investigation reveals disturbing connections between powerful figures and secretive organizations...Investigation reveals disturbing connections between powerful figures and secretive organizations...,0
895,Research Team Publishes Study on Climate Patterns - 24,Researchers at the university published their findings in the Journal of Climate Science. The study examined...Researchers at the university published their findings in the Journal of Climate Science. The study examined...Researchers at the university published their findings in the Journal of Climate Science. The study examined...,1
896,URGENT: Banks Will Collapse Tomorrow! 10,"Financial experts warn of imminent collapse, but mainstream media refuses to report the truth...Financial experts warn of imminent collapse, but mainstream media refuses to report the truth...Financial experts warn of imminent collapse, but mainstream media refuses to report the truth...",0
897,Museum Hosts Exhibition of Historical Artifacts - 64,"The company reported revenues of $X million for Q3, representing a Y% increase compared to the same period last year...The company reported revenues of $X million for Q3, representing a Y% increase compared to the same period last year...",1
898,Amazing: This One Trick Doctors Don't Want You to Know 6,Leaked documents reveal shocking information that governments worldwide have been hiding from the public for decades...Leaked documents reveal shocking information that governments worldwide have been hiding from the public for decades...,0
899,City Opens New Community Center for Residents - 37,The city council voted 7-2 in favor of the new infrastructure project during Tuesday's meeting. The project includes...The city council voted 7-2 in favor of the new infrastructure project during Tuesday's meeting. The project includes...,1
900,BREAKING: Scientists Discover Cure for All Diseases! 99,Leaked documents reveal shocking information that governments worldwide have been hiding from the public for decades...Leaked documents reveal shocking information that governments worldwide have been hiding from the public for decades...Leaked documents reveal shocking information that governments worldwide have been hiding from the public for decades...Leaked documents reveal shocking information that governments worldwide have been hiding from the public for decades...,0
901,Government Releases Annual Budget Proposal - 29,"The company reported revenues of $X million for Q3, representing a Y% increase compared to the same period last year...The company reported revenues of $X million for Q3, representing a Y% increase compared to the same period last year...The company reported revenues of $X million for Q3, representing a Y% increase compared to the same period last year...",1
902,Shocking Truth: Government Hiding Alien Contact 90,Leaked documents reveal shocking information that governments worldwide have been hiding from the public for decades...Leaked documents reveal shocking information that governments worldwide have been hiding from the public for decades...Leaked documents reveal shocking information that governments worldwide have been hiding from the public for decades...Leaked documents reveal shocking information that governments worldwide have been hiding from the public for decades...,0
903,City Opens New Community Center for Residents - 20,Researchers at the university published their findings in the Journal of Climate Science. The study examined...Researchers at the university published their findings in the Journal of Climate Science. The study examined...Researchers at the university published their findings in the Journal of Climate Science. The study examined...,1
904,Unbelievable: Man Lives to 200 Years Using This Method 52,Investigation reveals disturbing connections between powerful figures and secretive organizations...Investigation reveals disturbing connections between powerful figures and secretive organizations...,0
905,Government Releases Annual Budget Proposal - 3,"The company reported revenues of $X million for Q3, representing a Y% increase compared to the same period last year...The company reported revenues of $X million for Q3, representing a Y% increase compared to the same period last year...The company reported revenues of $X million for Q3, representing a Y% increase compared to the same period last year...The company reported revenues of $X million for Q3, representing a Y% increase compared to the same period last year...",1
906,Incredible: Free Money for Everyone Starting Next Week! 57,Doctors are furious about this simple trick that has helped thousands lose weight without any effort or exercise...Doctors are furious about this simple trick that has helped thousands lose weight without any effort or exercise...Doctors are furious about this simple trick that has helped thousands lose weight without any effort or exercise...Doctors are furious about this simple trick that has helped thousands lose weight without any effort or exercise...,0
907,Company Announces Quarterly Earnings Report - 53,Researchers at the university published their findings in the Journal of Climate Science. The study examined...Researchers at the university published their findings in the Journal of Climate Science. The study examined...Researchers at the university published their findings in the Journal of Climate Science. The study examined...Researchers at the university published their findings in the Journal of Climate Science. The study examined...,1
908,Incredible: Free Money for Everyone Starting Next Week! 57,Investigation reveals disturbing connections between powerful figures and secretive organizations...Investigation reveals disturbing connections between powerful figures and secretive organizations...,0
909,Museum Hosts Exhibition of Historical Artifacts - 19,Scientists at the research institute have made significant progress in understanding cancer cell behavior. The team...Scientists at the research institute have made significant progress in understanding cancer cell behavior. The team...Scientists at the research institute have made significant progress in understanding cancer cell behavior. The team...,1
910,Shocking Truth: Government Hiding Alien Contact 10,Doctors are furious about this simple trick that has helped thousands lose weight without any effort or exercise...Doctors are furious about this simple trick that has helped thousands lose weight without any effort or exercise...,0
911,School District Implements New Education Program - 63,Scientists at the research institute have made significant progress in understanding cancer cell behavior. The team...Scientists at the research institute have made significant progress in understanding cancer cell behavior. The team...,1
912,Celebrity Secretly Controls World Government 14,Investigation reveals disturbing connections between powerful figures and secretive organizations...Investigation reveals disturbing connections between powerful figures and secretive organizations...,0
913,Local Council Approves New Infrastructure Project - 61,The city council voted 7-2 in favor of the new infrastructure project during Tuesday's meeting. The project includes...The city council voted 7-2 in favor of the new infrastructure project during Tuesday's meeting. The project includes...The city council voted 7-2 in favor of the new infrastructure project during Tuesday's meeting. The project includes...The city council voted 7-2 in favor of the new infrastructure project during Tuesday's meeting. The project includes...,1
914,WARNING: Your Phone is Spying on You Right Now! 72,Doctors are furious about this simple trick that has helped thousands lose weight without any effort or exercise...Doctors are furious about this simple trick that has helped thousands lose weight without any effort or exercise...,0
915,Museum Hosts Exhibition of Historical Artifacts - 6,The city council voted 7-2 in favor of the new infrastructure project during Tuesday's meeting. The project includes...The city council voted 7-2 in favor of the new infrastructure project during Tuesday's meeting. The project includes...,1
916,Shocking Truth: Government Hiding Alien Contact 53,Doctors are furious about this simple trick that has helped thousands lose weight without any effort or exercise...Doctors are furious about this simple trick that has helped thousands lose weight without any effort or exercise...,0
917,Research Team Publishes Study on Climate Patterns - 100,The city council voted 7-2 in favor of the new infrastructure project during Tuesday's meeting. The project includes...The city council voted 7-2 in favor of the new infrastructure project during Tuesday's meeting. The project includes...The city council voted 7-2 in favor of the new infrastructure project during Tuesday's meeting. The project includes...The city council voted 7-2 in favor of the new infrastructure project during Tuesday's meeting. The project includes...,1
918,Miracle Diet: Lose 50 Pounds in 1 Week! 81,"Financial experts warn of imminent collapse, but mainstream media refuses to report the truth...Financial experts warn of imminent collapse, but mainstream media refuses to report the truth...Financial experts warn of imminent collapse, but mainstream media refuses to report the truth...",0
919,Sports Team Wins Championship After Close Match - 32,Researchers at the university published their findings in the Journal of Climate Science. The study examined...Researchers at the university published their findings in the Journal of Climate Science. The study examined...Researchers at the university published their findings in the Journal of Climate Science. The study examined...,1
920,WARNING: Your Phone is Spying on You Right Now! 55,"According to unnamed sources, scientists have made an unprecedented discovery that will change everything we know about medicine...According to unnamed sources, scientists have made an unprecedented discovery that will change everything we know about medicine...According to unnamed sources, scientists have made an unprecedented discovery that will change everything we know about medicine...",0
921,Sports Team Wins Championship After Close Match - 56,Researchers at the university published their findings in the Journal of Climate Science. The study examined...Researchers at the university published their findings in the Journal of Climate Science. The study examined...Researchers at the university published their findings in the Journal of Climate Science. The study examined...,1
922,EXPOSED: The Real Truth Behind Recent Events 15,Investigation reveals disturbing connections between powerful figures and secretive organizations...Investigation reveals disturbing connections between powerful figures and secretive organizations...Investigation reveals disturbing connections between powerful figures and secretive organizations...,0
923,Company Announces Quarterly Earnings Report - 39,"The company reported revenues of $X million for Q3, representing a Y% increase compared to the same period last year...The company reported revenues of $X million for Q3, representing a Y% increase compared to the same period last year...The company reported revenues of $X million for Q3, representing a Y% increase compared to the same period last year...",1
924,BREAKING: Scientists Discover Cure for All Diseases! 66,Investigation reveals disturbing connections between powerful figures and secretive organizations...Investigation reveals disturbing connections between powerful figures and secretive organizations...,0
925,Tech Company Launches Updated Software Version - 49,The city council voted 7-2 in favor of the new infrastructure project during Tuesday's meeting. The project includes...The city council voted 7-2 in favor of the new infrastructure project during Tuesday's meeting. The project includes...The city council voted 7-2 in favor of the new infrastructure project during Tuesday's meeting. The project includes...,1
926,Celebrity Secretly Controls World Government 81,"Financial experts warn of imminent collapse, but mainstream media refuses to report the truth...Financial experts warn of imminent collapse, but mainstream media refuses to report the truth...Financial experts warn of imminent collapse, but mainstream media refuses to report the truth...",0
927,Sports Team Wins Championship After Close Match - 66,"The company reported revenues of $X million for Q3, representing a Y% increase compared to the same period last year...The company reported revenues of $X million for Q3, representing a Y% increase compared to the same period last year...The company reported revenues of $X million for Q3, representing a Y% increase compared to the same period last year...",1
928,WARNING: Your Phone is Spying on You Right Now! 19,"Financial experts warn of imminent collapse, but mainstream media refuses to report the truth...Financial experts warn of imminent collapse, but mainstream media refuses to report the truth...",0
929,Local Council Approves New Infrastructure Project - 41,"The company reported revenues of $X million for Q3, representing a Y% increase compared to the same period last year...The company reported revenues of $X million for Q3, representing a Y% increase compared to the same period last year...The company reported revenues of $X million for Q3, representing a Y% increase compared to the same period last year...The company reported revenues of $X million for Q3, representing a Y% increase compared to the same period last year...",1
930,Unbelievable: Man Lives to 200 Years Using This Method 46,Doctors are furious about this simple trick that has helped thousands lose weight without any effort or exercise...Doctors are furious about this simple trick that has helped thousands lose weight without any effort or exercise...Doctors are furious about this simple trick that has helped thousands lose weight without any effort or exercise...,0
931,Tech Company Launches Updated Software Version - 16,"The new community center, located on Main Street, opened its doors to residents this week. Facilities include...The new community center, located on Main Street, opened its doors to residents this week. Facilities include...",1
932,BREAKING: Scientists Discover Cure for All Diseases! 85,Investigation reveals disturbing connections between powerful figures and secretive organizations...Investigation reveals disturbing connections between powerful figures and secretive organizations...Investigation reveals disturbing connections between powerful figures and secretive organizations...Investigation reveals disturbing connections between powerful figures and secretive organizations...,0
933,Local Council Approves New Infrastructure Project - 9,Researchers at the university published their findings in the Journal of Climate Science. The study examined...Researchers at the university published their findings in the Journal of Climate Science. The study examined...,1
934,Unbelievable: Man Lives to 200 Years Using This Method 88,Investigation reveals disturbing connections between powerful figures and secretive organizations...Investigation reveals disturbing connections between powerful figures and secretive organizations...,0
935,Sports Team Wins Championship After Close Match - 72,"The company reported revenues of $X million for Q3, representing a Y% increase compared to the same period last year...The company reported revenues of $X million for Q3, representing a Y% increase compared to the same period last year...The company reported revenues of $X million for Q3, representing a Y% increase compared to the same period last year...",1
936,BREAKING: Scientists Discover Cure for All Diseases! 92,"Financial experts warn of imminent collapse, but mainstream media refuses to report the truth...Financial experts warn of imminent collapse, but mainstream media refuses to report the truth...Financial experts warn of imminent collapse, but mainstream media refuses to report the truth...",0
937,Research Team Publishes Study on Climate Patterns - 89,"The new community center, located on Main Street, opened its doors to residents this week. Facilities include...The new community center, located on Main Street, opened its doors to residents this week. Facilities include...The new community center, located on Main Street, opened its doors to residents this week. Facilities include...",1
938,Shocking Truth: Government Hiding Alien Contact 44,"According to unnamed sources, scientists have made an unprecedented discovery that will change everything we know about medicine...According to unnamed sources, scientists have made an unprecedented discovery that will change everything we know about medicine...According to unnamed sources, scientists have made an unprecedented discovery that will change everything we know about medicine...According to unnamed sources, scientists have made an unprecedented discovery that will change everything we know about medicine...",0
939,Tech Company Launches Updated Software Version - 83,Researchers at the university published their findings in the Journal of Climate Science. The study examined...Researchers at the university published their findings in the Journal of Climate Science. The study examined...,1
940,Shocking Truth: Government Hiding Alien Contact 84,Doctors are furious about this simple trick that has helped thousands lose weight without any effort or exercise...Doctors are furious about this simple trick that has helped thousands lose weight without any effort or exercise...,0
941,Government Releases Annual Budget Proposal - 60,Researchers at the university published their findings in the Journal of Climate Science. The study examined...Researchers at the university published their findings in the Journal of Climate Science. The study examined...Researchers at the university published their findings in the Journal of Climate Science. The study examined...,1
942,Celebrity Secretly Controls World Government 74,"According to unnamed sources, scientists have made an unprecedented discovery that will change everything we know about medicine...According to unnamed sources, scientists have made an unprecedented discovery that will change everything we know about medicine...According to unnamed sources, scientists have made an unprecedented discovery that will change everything we know about medicine...",0
943,Tech Company Launches Updated Software Version - 84,The city council voted 7-2 in favor of the new infrastructure project during Tuesday's meeting. The project includes...The city council voted 7-2 in favor of the new infrastructure project during Tuesday's meeting. The project includes...,1
944,WARNING: Your Phone is Spying on You Right Now! 75,Doctors are furious about this simple trick that has helped thousands lose weight without any effort or exercise...Doctors are furious about this simple trick that has helped thousands lose weight without any effort or exercise...Doctors are furious about this simple trick that has helped thousands lose weight without any effort or exercise...Doctors are furious about this simple trick that has helped thousands lose weight without any effort or exercise...,0
945,Company Announces Quarterly Earnings Report - 28,Researchers at the university published their findings in the Journal of Climate Science. The study examined...Researchers at the university published their findings in the Journal of Climate Science. The study examined...Researchers at the university published their findings in the Journal of Climate Science. The study examined...,1
946,EXPOSED: The Real Truth Behind Recent Events 10,Investigation reveals disturbing connections between powerful figures and secretive organizations...Investigation reveals disturbing connections between powerful figures and secretive organizations...Investigation reveals disturbing connections between powerful figures and secretive organizations...Investigation reveals disturbing connections between powerful figures and secretive organizations...,0
947,Research Team Publishes Study on Climate Patterns - 90,Researchers at the university published their findings in the Journal of Climate Science. The study examined...Researchers at the university published their findings in the Journal of Climate Science. The study examined...Researchers at the university published their findings in the Journal of Climate Science. The study examined...Researchers at the university published their findings in the Journal of Climate Science. The study examined...,1
948,URGENT: Banks Will Collapse Tomorrow! 54,Doctors are furious about this simple trick that has helped thousands lose weight without any effort or exercise...Doctors are furious about this simple trick that has helped thousands lose weight without any effort or exercise...Doctors are furious about this simple trick that has helped thousands lose weight without any effort or exercise...,0
949,Government Releases Annual Budget Proposal - 3,Researchers at the university published their findings in the Journal of Climate Science. The study examined...Researchers at the university published their findings in the Journal of Climate Science. The study examined...,1
950,Celebrity Secretly Controls World Government 95,Leaked documents reveal shocking information that governments worldwide have been hiding from the public for decades...Leaked documents reveal shocking information that governments worldwide have been hiding from the public for decades...,0
951,Company Announces Quarterly Earnings Report - 26,"The company reported revenues of $X million for Q3, representing a Y% increase compared to the same period last year...The company reported revenues of $X million for Q3, representing a Y% increase compared to the same period last year...The company reported revenues of $X million for Q3, representing a Y% increase compared to the same period last year...The company reported revenues of $X million for Q3, representing a Y% increase compared to the same period last year...",1
952,Amazing: This One Trick Doctors Don't Want You to Know 2,"According to unnamed sources, scientists have made an unprecedented discovery that will change everything we know about medicine...According to unnamed sources, scientists have made an unprecedented discovery that will change everything we know about medicine...",0
953,Research Team Publishes Study on Climate Patterns - 14,Researchers at the university published their findings in the Journal of Climate Science. The study examined...Researchers at the university published their findings in the Journal of Climate Science. The study examined...,1
954,Celebrity Secretly Controls World Government 10,Investigation reveals disturbing connections between powerful figures and secretive organizations...Investigation reveals disturbing connections between powerful figures and secretive organizations...,0
955,Sports Team Wins Championship After Close Match - 67,Researchers at the university published their findings in the Journal of Climate Science. The study examined...Researchers at the university published their findings in the Journal of Climate Science. The study examined...Researchers at the university published their findings in the Journal of Climate Science. The study examined...,1
956,WARNING: Your Phone is Spying on You Right Now! 2,"Financial experts warn of imminent collapse, but mainstream media refuses to report the truth...Financial experts warn of imminent collapse, but mainstream media refuses to report the truth...",0
957,School District Implements New Education Program - 80,"The company reported revenues of $X million for Q3, representing a Y% increase compared to the same period last year...The company reported revenues of $X million for Q3, representing a Y% increase compared to the same period last year...The company reported revenues of $X million for Q3, representing a Y% increase compared to the same period last year...",1
958,Shocking Truth: Government Hiding Alien Contact 100,Doctors are furious about this simple trick that has helped thousands lose weight without any effort or exercise...Doctors are furious about this simple trick that has helped thousands lose weight without any effort or exercise...Doctors are furious about this simple trick that has helped thousands lose weight without any effort or exercise...,0
959,Tech Company Launches Updated Software Version - 91,"The company reported revenues of $X million for Q3, representing a Y% increase compared to the same period last year...The company reported revenues of $X million for Q3, representing a Y% increase compared to the same period last year...The company reported revenues of $X million for Q3, representing a Y% increase compared to the same period last year...The company reported revenues of $X million for Q3, representing a Y% increase compared to the same period last year...",1
960,Celebrity Secretly Controls World Government 27,Investigation reveals disturbing connections between powerful figures and secretive organizations...Investigation reveals disturbing connections between powerful figures and secretive organizations...,0
961,Government Releases Annual Budget Proposal - 2,"The company reported revenues of $X million for Q3, representing a Y% increase compared to the same period last year...The company reported revenues of $X million for Q3, representing a Y% increase compared to the same period last year...The company reported revenues of $X million for Q3, representing a Y% increase compared to the same period last year...",1
962,Miracle Diet: Lose 50 Pounds in 1 Week! 74,"According to unnamed sources, scientists have made an unprecedented discovery that will change everything we know about medicine...According to unnamed sources, scientists have made an unprecedented discovery that will change everything we know about medicine...According to unnamed sources, scientists have made an unprecedented discovery that will change everything we know about medicine...According to unnamed sources, scientists have made an unprecedented discovery that will change everything we know about medicine...",0
963,Sports Team Wins Championship After Close Match - 2,"The new community center, located on Main Street, opened its doors to residents this week. Facilities include...The new community center, located on Main Street, opened its doors to residents this week. Facilities include...",1
964,Incredible: Free Money for Everyone Starting Next Week! 18,"According to unnamed sources, scientists have made an unprecedented discovery that will change everything we know about medicine...According to unnamed sources, scientists have made an unprecedented discovery that will change everything we know about medicine...",0
965,University Researchers Make Progress in Cancer Study - 88,"The company reported revenues of $X million for Q3, representing a Y% increase compared to the same period last year...The company reported revenues of $X million for Q3, representing a Y% increase compared to the same period last year...The company reported revenues of $X million for Q3, representing a Y% increase compared to the same period last year...",1
966,Shocking Truth: Government Hiding Alien Contact 63,"Financial experts warn of imminent collapse, but mainstream media refuses to report the truth...Financial experts warn of imminent collapse, but mainstream media refuses to report the truth...Financial experts warn of imminent collapse, but mainstream media refuses to report the truth...",0
967,University Researchers Make Progress in Cancer Study - 20,"The new community center, located on Main Street, opened its doors to residents this week. Facilities include...The new community center, located on Main Street, opened its doors to residents this week. Facilities include...The new community center, located on Main Street, opened its doors to residents this week. Facilities include...The new community center, located on Main Street, opened its doors to residents this week. Facilities include...",1
968,WARNING: Your Phone is Spying on You Right Now! 20,Leaked documents reveal shocking information that governments worldwide have been hiding from the public for decades...Leaked documents reveal shocking information that governments worldwide have been hiding from the public for decades...Leaked documents reveal shocking information that governments worldwide have been hiding from the public for decades...,0
969,Sports Team Wins Championship After Close Match - 59,Scientists at the research institute have made significant progress in understanding cancer cell behavior. The team...Scientists at the research institute have made significant progress in understanding cancer cell behavior. The team...,1
970,Shocking Truth: Government Hiding Alien Contact 87,"According to unnamed sources, scientists have made an unprecedented discovery that will change everything we know about medicine...According to unnamed sources, scientists have made an unprecedented discovery that will change everything we know about medicine...According to unnamed sources, scientists have made an unprecedented discovery that will change everything we know about medicine...",0
971,Company Announces Quarterly Earnings Report - 32,The city council voted 7-2 in favor of the new infrastructure project during Tuesday's meeting. The project includes...The city council voted 7-2 in favor of the new infrastructure project during Tuesday's meeting. The project includes...The city council voted 7-2 in favor of the new infrastructure project during Tuesday's meeting. The project includes...,1
972,URGENT: Banks Will Collapse Tomorrow! 32,"Financial experts warn of imminent collapse, but mainstream media refuses to report the truth...Financial experts warn of imminent collapse, but mainstream media refuses to report the truth...Financial experts warn of imminent collapse, but mainstream media refuses to report the truth...",0
973,Research Team Publishes Study on Climate Patterns - 40,"The company reported revenues of $X million for Q3, representing a Y% increase compared to the same period last year...The company reported revenues of $X million for Q3, representing a Y% increase compared to the same period last year...The company reported revenues of $X million for Q3, representing a Y% increase compared to the same period last year...",1
974,URGENT: Banks Will Collapse Tomorrow! 99,"Financial experts warn of imminent collapse, but mainstream media refuses to report the truth...Financial experts warn of imminent collapse, but mainstream media refuses to report the truth...Financial experts warn of imminent collapse, but mainstream media refuses to report the truth...",0
975,Company Announces Quarterly Earnings Report - 23,"The company reported revenues of $X million for Q3, representing a Y% increase compared to the same period last year...The company reported revenues of $X million for Q3, representing a Y% increase compared to the same period last year...The company reported revenues of $X million for Q3, representing a Y% increase compared to the same period last year...",1
976,EXPOSED: The Real Truth Behind Recent Events 95,Leaked documents reveal shocking information that governments worldwide have been hiding from the public for decades...Leaked documents reveal shocking information that governments worldwide have been hiding from the public for decades...Leaked documents reveal shocking information that governments worldwide have been hiding from the public for decades...Leaked documents reveal shocking information that governments worldwide have been hiding from the public for decades...,0
977,Museum Hosts Exhibition of Historical Artifacts - 43,"The new community center, located on Main Street, opened its doors to residents this week. Facilities include...The new community center, located on Main Street, opened its doors to residents this week. Facilities include...The new community center, located on Main Street, opened its doors to residents this week. Facilities include...The new community center, located on Main Street, opened its doors to residents this week. Facilities include...",1
978,Incredible: Free Money for Everyone Starting Next Week! 72,"Financial experts warn of imminent collapse, but mainstream media refuses to report the truth...Financial experts warn of imminent collapse, but mainstream media refuses to report the truth...",0
979,Sports Team Wins Championship After Close Match - 52,The city council voted 7-2 in favor of the new infrastructure project during Tuesday's meeting. The project includes...The city council voted 7-2 in favor of the new infrastructure project during Tuesday's meeting. The project includes...The city council voted 7-2 in favor of the new infrastructure project during Tuesday's meeting. The project includes...The city council voted 7-2 in favor of the new infrastructure project during Tuesday's meeting. The project includes...,1
980,Incredible: Free Money for Everyone Starting Next Week! 86,Leaked documents reveal shocking information that governments worldwide have been hiding from the public for decades...Leaked documents reveal shocking information that governments worldwide have been hiding from the public for decades...Leaked documents reveal shocking information that governments worldwide have been hiding from the public for decades...,0
981,School District Implements New Education Program - 99,Researchers at the university published their findings in the Journal of Climate Science. The study examined...Researchers at the university published their findings in the Journal of Climate Science. The study examined...,1
982,Celebrity Secretly Controls World Government 87,Investigation reveals disturbing connections between powerful figures and secretive organizations...Investigation reveals disturbing connections between powerful figures and secretive organizations...Investigation reveals disturbing connections between powerful figures and secretive organizations...Investigation reveals disturbing connections between powerful figures and secretive organizations...,0
983,City Opens New Community Center for Residents - 30,Scientists at the research institute have made significant progress in understanding cancer cell behavior. The team...Scientists at the research institute have made significant progress in understanding cancer cell behavior. The team...Scientists at the research institute have made significant progress in understanding cancer cell behavior. The team...,1
984,Miracle Diet: Lose 50 Pounds in 1 Week! 77,"According to unnamed sources, scientists have made an unprecedented discovery that will change everything we know about medicine...According to unnamed sources, scientists have made an unprecedented discovery that will change everything we know about medicine...According to unnamed sources, scientists have made an unprecedented discovery that will change everything we know about medicine...According to unnamed sources, scientists have made an unprecedented discovery that will change everything we know about medicine...",0
985,Government Releases Annual Budget Proposal - 49,Researchers at the university published their findings in the Journal of Climate Science. The study examined...Researchers at the university published their findings in the Journal of Climate Science. The study examined...Researchers at the university published their findings in the Journal of Climate Science. The study examined...Researchers at the university published their findings in the Journal of Climate Science. The study examined...,1
986,Incredible: Free Money for Everyone Starting Next Week! 44,Investigation reveals disturbing connections between powerful figures and secretive organizations...Investigation reveals disturbing connections between powerful figures and secretive organizations...,0
987,Company Announces Quarterly Earnings Report - 11,The city council voted 7-2 in favor of the new infrastructure project during Tuesday's meeting. The project includes...The city council voted 7-2 in favor of the new infrastructure project during Tuesday's meeting. The project includes...The city council voted 7-2 in favor of the new infrastructure project during Tuesday's meeting. The project includes...,1
988,Incredible: Free Money for Everyone Starting Next Week! 89,"Financial experts warn of imminent collapse, but mainstream media refuses to report the truth...Financial experts warn of imminent collapse, but mainstream media refuses to report the truth...",0
989,Museum Hosts Exhibition of Historical Artifacts - 50,"The company reported revenues of $X million for Q3, representing a Y% increase compared to the same period last year...The company reported revenues of $X million for Q3, representing a Y% increase compared to the same period last year...The company reported revenues of $X million for Q3, representing a Y% increase compared to the same period last year...",1
990,Unbelievable: Man Lives to 200 Years Using This Method 3,"Financial experts warn of imminent collapse, but mainstream media refuses to report the truth...Financial experts warn of imminent collapse, but mainstream media refuses to report the truth...Financial experts warn of imminent collapse, but mainstream media refuses to report the truth...",0
991,Research Team Publishes Study on Climate Patterns - 92,Researchers at the university published their findings in the Journal of Climate Science. The study examined...Researchers at the university published their findings in the Journal of Climate Science. The study examined...,1
992,URGENT: Banks Will Collapse Tomorrow! 8,Leaked documents reveal shocking information that governments worldwide have been hiding from the public for decades...Leaked documents reveal shocking information that governments worldwide have been hiding from the public for decades...Leaked documents reveal shocking information that governments worldwide have been hiding from the public for decades...,0
993,City Opens New Community Center for Residents - 21,Researchers at the university published their findings in the Journal of Climate Science. The study examined...Researchers at the university published their findings in the Journal of Climate Science. The study examined...Researchers at the university published their findings in the Journal of Climate Science. The study examined...,1
994,Incredible: Free Money for Everyone Starting Next Week! 37,Leaked documents reveal shocking information that governments worldwide have been hiding from the public for decades...Leaked documents reveal shocking information that governments worldwide have been hiding from the public for decades...,0
995,Research Team Publishes Study on Climate Patterns - 1,Researchers at the university published their findings in the Journal of Climate Science. The study examined...Researchers at the university published their findings in the Journal of Climate Science. The study examined...Researchers at the university published their findings in the Journal of Climate Science. The study examined...Researchers at the university published their findings in the Journal of Climate Science. The study examined...,1
996,Amazing: This One Trick Doctors Don't Want You to Know 6,"Financial experts warn of imminent collapse, but mainstream media refuses to report the truth...Financial experts warn of imminent collapse, but mainstream media refuses to report the truth...Financial experts warn of imminent collapse, but mainstream media refuses to report the truth...Financial experts warn of imminent collapse, but mainstream media refuses to report the truth...",0
997,Sports Team Wins Championship After Close Match - 25,Researchers at the university published their findings in the Journal of Climate Science. The study examined...Researchers at the university published their findings in the Journal of Climate Science. The study examined...,1
998,Shocking Truth: Government Hiding Alien Contact 29,Doctors are furious about this simple trick that has helped thousands lose weight without any effort or exercise...Doctors are furious about this simple trick that has helped thousands lose weight without any effort or exercise...Doctors are furious about this simple trick that has helped thousands lose weight without any effort or exercise...,0
999,Company Announces Quarterly Earnings Report - 73,"The new community center, located on Main Street, opened its doors to residents this week. Facilities include...The new community center, located on Main Street, opened its doors to residents this week. Facilities include...The new community center, located on Main Street, opened its doors to residents this week. Facilities include...",1
